order_id,order_date,customer_id,product_id,quantity,unit_price,discount,revenue,shipping_cost,status
O01225,2024-01-01,C0007,P025,1,5.24,0.0,5.24,$10.21,Delivered
O01696,2024-01-01,C0149,P020,5,13.35,0.1,60.08,$35.03,Delivered
O01855,2024-01-01,C0186,P016,3,513.76,0.1,1387.15,$15.07,Delivered
O00618,2024-01-02,C0097,P035,4,483.75,0.2,1548.0,$11.68,Delivered
O00716,2024-01-02,C0072,P009,1,739.26,,739.26,$22.80,Delivered
O01285,2024-01-02,C0162,P005,10,1038.27,0.1,9344.43,$28.06,Delivered
O01699,2024-01-02,C0189,P019,1,25.78,0.05,24.49,$22.14,Delivered
O01863,2024-01-02,C0045,P026,3,38.82,0.0,116.46,$37.38,Delivered
O01985,2024-01-02,C0168,P026,3,38.82,0.1,104.81,$31.32,Delivered
O00587,2024-01-03,C0153,P035,3,483.75,0.0,1451.25,$22.52,Shipped
O01540,2024-01-03,C0152,P017,1,670.34,,670.34,$21.83,Delivered
O00778,2024-01-06,C0200,P016,2,513.76,0.0,1027.52,$8.06,Delivered
O00927,2024-01-06,C0147,P020,3,13.35,,40.05,$38.21,Shipped
O01361,2024-01-06,C0169,P012,3,896.58,0.1,2420.77,$9.31,Delivered
O02186,2024-01-06,C0085,P003,10,452.27,0.05,4296.56,$31.15,Delivered
O01131,2024-01-07,C0174,P035,2,483.75,0.0,967.5,$14.62,Delivered
O00028,2024-01-08,C0135,P006,1,959.76,0.1,863.78,$34.58,Delivered
O01780,2024-01-08,C0174,P026,5,38.82,0.0,194.1,$44.71,Delivered
O00686,2024-01-11,C0187,P005,2,1038.27,0.0,2076.54,$19.76,Delivered
O00807,2024-01-11,C0112,P013,3,257.23,0.05,733.11,$15.78,Delivered
O01872,2024-01-12,C0178,P020,1,13.35,0.2,10.68,$16.42,Delivered
O00397,2024-01-13,C0144,P031,3,482.84,0.1,1303.67,$39.98,Delivered
O02330,2024-01-14,C0143,P033,1,372.51,0.15,316.63,$35.97,Delivered
O00436,2024-01-15,C0197,P014,5,386.46,0.1,1739.07,$26.28,Cancelled
O00950,2024-01-16,C0088,P014,2,386.46,0.15,656.98,$4.65,Delivered
O00540,2024-01-17,C0011,P005,4,1038.27,0.0,4153.08,$42.73,Cancelled
O00666,2024-01-18,C0040,P032,3,506.4,0.2,1215.36,$35.59,Delivered
O00788,2024-01-18,C0153,P026,1,38.82,0.2,31.06,$33.73,Delivered
O01192,2024-01-18,C0015,P035,3,483.75,0.0,1451.25,$4.87,Delivered
O01530,2024-01-19,C0089,P032,3,506.4,0.0,1519.2,$13.09,Delivered
O02362,2024-01-19,C0043,P004,1,986.74,0.1,888.07,$13.38,Delivered
O02146,2024-01-20,C0145,P028,1,10.85,0.0,10.85,$20.66,Delivered
O01841,2024-01-21,C0149,P024,1,36.36,0.0,36.36,$25.99,Returned
O00457,2024-01-22,C0012,P034,2,178.15,0.2,285.04,$18.37,Shipped
O02291,2024-01-23,C0091,P005,3,1038.27,,3114.81,$4.78,Delivered
O02304,2024-01-23,C0036,P002,1,603.39,0.0,603.39,$25.14,Shipped
O02357,2024-01-23,C0026,P006,2,959.76,0.1,1727.57,$25.87,Delivered
O00586,2024-01-24,C0189,P025,3,5.24,0.2,12.58,$29.07,Delivered
O00757,2024-01-24,C0075,P036,1,202.5,0.1,182.25,$24.26,Delivered
O00775,2024-01-24,C0152,P004,1,986.74,0.1,888.07,$31.37,Delivered
O00253,2024-01-25,C0089,P034,1,178.15,0.15,151.43,$9.20,Delivered
O02339,2024-01-25,C0179,P036,1,202.5,0.1,182.25,$32.24,Shipped
O00949,2024-01-26,C0082,P022,3,11.74,0.1,31.7,$14.08,Cancelled
O01056,2024-01-26,C0022,P020,2,13.35,0.0,26.7,$26.67,Delivered
O01801,2024-01-26,C0016,P005,1,1038.27,0.2,830.62,$7.28,Delivered
O00715,2024-01-27,C0118,P013,1,257.23,0.0,257.23,$5.32,Delivered
O02249,2024-01-30,C0195,P036,3,202.5,,607.5,$25.26,Delivered
O00514,2024-01-31,C0069,P027,1,33.5,0.0,33.5,$11.48,Delivered
O02254,2024-02-01,C0042,P014,4,386.46,0.0,1545.84,$4.94,Delivered
O02179,2024-02-02,C0061,P026,4,38.82,0.0,155.28,$18.97,Delivered
O00790,2024-02-03,C0104,P032,2,506.4,0.0,1012.8,$35.49,Delivered
O01936,2024-02-03,C0182,P011,1,98.09,0.0,98.09,$14.27,Delivered
O02030,2024-02-04,C0026,P026,3,38.82,0.0,116.46,$16.79,Shipped
O00197,2024-02-05,C0123,P026,4,38.82,0.2,124.22,$26.29,Delivered
O00554,2024-02-05,C0198,P015,3,857.48,0.0,2572.44,$29.99,Delivered
O01281,2024-02-05,C0142,P019,2,25.78,0.2,41.25,$41.82,Delivered
O01404,2024-02-05,C0068,P012,2,896.58,0.0,1793.16,$22.04,Delivered
O02294,2024-02-06,C0065,P003,1,452.27,0.1,407.04,$28.01,Delivered
O02316,2024-02-07,C0012,P023,1,39.29,0.0,39.29,$14.60,Delivered
O00038,2024-02-08,C0064,P029,10,584.1,0.0,5841.0,$18.92,Returned
O00179,2024-02-08,C0014,P007,1,545.77,0.2,436.62,$43.73,Delivered
O02153,2024-02-09,C0132,P028,1,10.85,0.0,10.85,$8.79,Cancelled
O02158,2024-02-09,C0164,P018,1,610.13,,610.13,$22.07,Delivered
O02081,2024-02-10,C0046,P003,1,452.27,0.05,429.66,$32.65,Delivered
O01974,2024-02-11,C0122,P002,1,603.39,0.15,512.88,$8.85,Delivered
O01700,2024-02-12,C0141,P010,3,1001.92,0.1,2705.18,$5.08,Delivered
O01966,2024-02-12,C0021,P030,4,233.43,0.15,793.66,$29.29,Cancelled
O02276,2024-02-12,C0176,P001,1,455.53,0.1,409.98,$5.33,Delivered
O01153,2024-02-13,C0084,P026,4,38.82,0.2,124.22,$9.39,Returned
O01678,2024-02-14,C0150,P011,4,98.09,,392.36,$35.10,Delivered
O02319,2024-02-14,C0200,P030,3,233.43,0.2,560.23,$11.45,Delivered
O00163,2024-02-15,C0063,P032,1,506.4,,506.4,$43.63,Delivered
O01059,2024-02-15,C0187,P024,5,36.36,0.15,154.53,$19.75,Delivered
O02307,2024-02-16,C0193,P033,3,372.51,,1117.53,$40.93,Shipped
O01626,2024-02-17,C0190,P010,3,1001.92,0.0,3005.76,$11.45,Delivered
O00983,2024-02-19,C0055,P016,4,513.76,0.2,1644.03,$12.42,Delivered
O01411,2024-02-19,C0053,P021,3,11.04,0.0,33.12,$30.32,Shipped
O02142,2024-02-19,C0143,P031,1,482.84,0.0,482.84,$22.74,Delivered
O02322,2024-02-19,C0017,P029,1,584.1,0.15,496.48,$8.19,Delivered
O02372,2024-02-19,C0016,P005,2,1038.27,0.2,1661.23,$43.45,Shipped
O00351,2024-02-20,C0148,P011,1,98.09,0.2,78.47,$29.97,Delivered
O00622,2024-02-20,C0129,P010,1,1001.92,,1001.92,$34.03,Delivered
O01786,2024-02-20,C0160,P001,3,455.53,0.0,1366.59,$16.41,Delivered
O01255,2024-02-21,C0139,P028,1,10.85,0.0,10.85,$22.81,Delivered
O02260,2024-02-21,C0014,P008,2,999.67,0.0,1999.34,$8.75,Delivered
O02300,2024-02-21,C0026,P010,1,1001.92,0.1,901.73,$43.05,Delivered
O01905,2024-02-22,C0121,P033,4,372.51,0.0,1490.04,$23.24,Delivered
O02047,2024-02-23,C0110,P001,1,455.53,,455.53,$18.26,Delivered
O01467,2024-02-24,C0130,P016,3,513.76,0.15,1310.09,$35.27,Delivered
O02379,2024-02-24,C0159,P014,1,386.46,0.15,328.49,$13.88,Delivered
O00786,2024-02-25,C0126,P007,1,545.77,0.0,545.77,$8.89,Delivered
O00364,2024-02-26,C0128,P014,3,386.46,,1159.38,$17.55,Delivered
O01398,2024-02-26,C0193,P014,3,386.46,0.15,985.47,$33.76,Delivered
O02125,2024-02-26,C0127,P026,3,38.82,0.0,116.46,$8.78,Delivered
O02018,2024-02-28,C0200,P032,2,506.4,,1012.8,$19.88,Delivered
O00049,2024-02-29,C0121,P013,10,257.23,,2572.3,$35.55,Delivered
O00125,2024-02-29,C0140,P034,4,178.15,,712.6,$15.19,Shipped
O00887,2024-02-29,C0122,P008,1,999.67,0.2,799.74,$4.85,Delivered
O01495,2024-02-29,C0049,P025,10,5.24,0.05,49.78,$22.13,Delivered
O01503,2024-02-29,C0151,P024,2,36.36,0.0,72.72,$6.66,Shipped
O00294,2024-03-01,C0151,P007,1,545.77,0.15,463.9,$9.59,Delivered
O00497,2024-03-01,C0084,P033,5,372.51,0.2,1490.04,$29.16,Delivered
O01208,2024-03-01,C0142,P027,1,33.5,0.05,31.82,$6.29,Delivered
O01999,2024-03-01,C0141,P019,1,25.78,0.15,21.91,$4.73,Delivered
O02039,2024-03-02,C0065,P009,2,739.26,0.05,1404.59,$9.43,Delivered
O00196,2024-03-03,C0065,P010,3,1001.92,0.2,2404.61,$7.03,Cancelled
O02196,2024-03-03,C0093,P025,1,5.24,0.15,4.45,$32.11,Delivered
O00837,2024-03-04,C0082,P029,1,584.1,0.15,496.48,$36.78,Delivered
O00845,2024-03-04,C0068,P016,1,513.76,,513.76,$7.52,Delivered
O01284,2024-03-04,C0082,P007,2,545.77,0.2,873.23,$12.19,Delivered
O00267,2024-03-05,C0180,P024,2,36.36,0.0,72.72,$30.13,Delivered
O00931,2024-03-05,C0043,P002,3,603.39,0.0,1810.17,$30.40,Delivered
O01628,2024-03-05,C0160,P025,1,5.24,0.05,4.98,$17.22,Delivered
O02127,2024-03-05,C0053,P024,1,36.36,0.0,36.36,$19.84,Delivered
O02335,2024-03-05,C0140,P003,3,452.27,0.2,1085.45,$22.93,Delivered
O02348,2024-03-06,C0084,P028,1,10.85,0.0,10.85,$37.63,Returned
O00308,2024-03-07,C0101,P036,4,202.5,0.0,810.0,$6.23,Delivered
O02193,2024-03-07,C0160,P028,1,10.85,0.0,10.85,$17.12,Delivered
O02369,2024-03-07,C0022,P029,3,584.1,0.05,1664.69,$31.24,Delivered
O01654,2024-03-08,C0187,P020,1,13.35,,13.35,$31.40,Delivered
O02256,2024-03-08,C0051,P031,1,482.84,0.05,458.7,$6.32,Shipped
O00288,2024-03-09,C0045,P012,1,896.58,0.15,762.09,$37.05,Delivered
O00344,2024-03-09,C0190,P017,3,670.34,0.0,2011.02,$42.82,Shipped
O01158,2024-03-09,C0027,P033,2,372.51,0.05,707.77,$44.69,Delivered
O01266,2024-03-09,C0187,P012,2,896.58,0.15,1524.19,$25.21,Delivered
O00153,2024-03-10,C0119,P004,2,986.74,0.0,1973.48,$19.93,Delivered
O01574,2024-03-10,C0174,P027,4,33.5,,134.0,$39.35,Delivered
O01705,2024-03-11,C0082,P035,1,483.75,0.05,459.56,$36.62,Delivered
O02088,2024-03-11,C0022,P035,4,483.75,,1935.0,$15.77,Delivered
O01323,2024-03-13,C0189,P022,10,11.74,0.1,105.66,$31.20,Delivered
O00270,2024-03-14,C0035,P007,1,545.77,0.0,545.77,$22.43,Delivered
O00302,2024-03-14,C0106,P032,5,506.4,0.15,2152.2,$26.39,Delivered
O00315,2024-03-14,C0077,P006,1,959.76,0.0,959.76,$8.93,Delivered
O00169,2024-03-15,C0074,P002,2,603.39,0.0,1206.78,$8.39,Delivered
O01416,2024-03-15,C0186,P010,1,1001.92,0.0,1001.92,$43.16,Returned
O01631,2024-03-15,C0007,P035,3,483.75,0.15,1233.56,$43.14,Delivered
O00127,2024-03-17,C0087,P019,1,25.78,0.2,20.62,$37.91,Delivered
O00537,2024-03-17,C0169,P032,1,506.4,0.15,430.44,$13.05,Delivered
O01008,2024-03-17,C0036,P009,1,739.26,0.0,739.26,$24.49,Delivered
O00332,2024-03-18,C0200,P014,4,386.46,0.05,1468.55,$31.79,Delivered
O01140,2024-03-19,C0136,P003,2,452.27,0.0,904.54,$31.66,Shipped
O01341,2024-03-19,C0025,P009,2,739.26,0.15,1256.74,$23.20,Delivered
O00479,2024-03-20,C0091,P034,1,178.15,0.1,160.34,$7.81,Delivered
O01521,2024-03-20,C0130,P007,10,545.77,0.2,4366.16,$28.32,Delivered
O02015,2024-03-20,C0088,P011,1,98.09,0.15,83.38,$5.22,Shipped
O02205,2024-03-20,C0166,P032,5,506.4,0.15,2152.2,$4.64,Delivered
O00832,2024-03-21,C0021,P032,2,506.4,0.2,810.24,$41.99,Delivered
O01524,2024-03-21,C0089,P030,1,233.43,,233.43,$4.03,Delivered
O01022,2024-03-22,C0159,P028,2,10.85,0.0,21.7,$32.64,Delivered
O00040,2024-03-24,C0174,P025,1,5.24,0.0,5.24,$17.67,Delivered
O00491,2024-03-24,C0116,P012,3,896.58,0.0,2689.74,$33.55,Shipped
O01079,2024-03-24,C0026,P001,3,455.53,0.0,1366.59,$5.05,Delivered
O02237,2024-03-24,C0056,P013,1,257.23,0.0,257.23,$43.22,Returned
O00141,2024-03-25,C0166,P027,2,33.5,0.2,53.6,$19.40,Delivered
O01774,2024-03-25,C0150,P029,2,584.1,0.0,1168.2,$15.88,Delivered
O02342,2024-03-25,C0098,P003,1,452.27,0.0,452.27,$23.45,Delivered
O01336,2024-03-26,C0188,P013,2,257.23,0.0,514.46,$15.92,Delivered
O00598,2024-03-27,C0052,P001,2,455.53,0.1,819.95,$4.50,Delivered
O00644,2024-03-27,C0051,P014,3,386.46,0.15,985.47,$16.29,Delivered
O00846,2024-03-27,C0083,P026,3,38.82,0.2,93.17,$33.05,Delivered
O01245,2024-03-27,C0116,P027,1,33.5,0.0,33.5,$7.79,Returned
O02208,2024-03-27,C0124,P031,1,482.84,0.05,458.7,$25.38,Delivered
O00794,2024-03-28,C0170,P032,2,506.4,0.1,911.52,$26.24,Shipped
O01050,2024-03-28,C0162,P001,1,455.53,,455.53,$6.87,Delivered
O01081,2024-03-28,C0169,P031,1,482.84,0.15,410.41,$4.68,Delivered
O01200,2024-03-28,C0200,P010,1,1001.92,0.2,801.54,$22.31,Delivered
O01473,2024-03-28,C0126,P035,1,483.75,,483.75,$33.06,Delivered
O02006,2024-03-28,C0200,P008,4,999.67,0.2,3198.94,$26.99,Delivered
O02151,2024-03-28,C0039,P016,4,513.76,0.1,1849.54,$29.67,Delivered
O00707,2024-03-29,C0136,P007,10,545.77,0.05,5184.81,$23.03,Delivered
O01803,2024-03-29,C0093,P005,1,1038.27,0.15,882.53,$34.43,Delivered
O00406,2024-03-30,C0045,P033,1,372.51,0.0,372.51,$21.57,Delivered
O00274,2024-03-31,C0045,P002,10,603.39,,6033.9,$26.79,Delivered
O00590,2024-03-31,C0074,P030,1,233.43,0.1,210.09,$29.14,Delivered
O01217,2024-03-31,C0015,P015,10,857.48,0.0,8574.8,$37.48,Delivered
O02217,2024-03-31,C0198,P033,2,372.51,0.1,670.52,$16.24,Delivered
O00212,2024-04-01,C0062,P020,1,13.35,0.15,11.35,$32.43,Delivered
O00230,2024-04-01,C0083,P019,1,25.78,0.0,25.78,$27.21,Delivered
O00185,2024-04-02,C0142,P006,4,959.76,0.0,3839.04,$15.97,Delivered
O02035,2024-04-02,C0134,P018,4,610.13,,2440.52,$26.45,Delivered
O01629,2024-04-03,C0058,P021,1,11.04,0.15,9.38,$40.62,Delivered
O02069,2024-04-03,C0034,P019,1,25.78,0.0,25.78,$5.29,Delivered
O01267,2024-04-06,C0026,P009,3,739.26,0.1,1996.0,$38.33,Delivered
O01708,2024-04-06,C0014,P030,2,233.43,,466.86,$28.23,Delivered
O02389,2024-04-06,C0012,P002,3,603.39,,1810.17,$33.31,Delivered
O00091,2024-04-07,C0107,P002,1,603.39,0.1,543.05,$23.80,Shipped
O00591,2024-04-07,C0133,P010,1,1001.92,0.0,1001.92,$11.37,Delivered
O00791,2024-04-07,C0065,P032,1,506.4,0.0,506.4,$34.25,Shipped
O01449,2024-04-07,C0075,P032,2,506.4,,1012.8,$16.11,Delivered
O01515,2024-04-07,C0009,P008,2,999.67,,1999.34,$28.06,Delivered
O01581,2024-04-07,C0067,P018,1,610.13,0.1,549.12,$5.06,Shipped
O00802,2024-04-09,C0090,P004,3,986.74,0.05,2812.21,$13.62,Delivered
O00831,2024-04-09,C0042,P029,3,584.1,0.2,1401.84,$36.36,Delivered
O02240,2024-04-09,C0061,P011,1,98.09,0.15,83.38,$32.80,Delivered
O00298,2024-04-10,C0157,P015,2,857.48,0.0,1714.96,$42.40,Delivered
O00680,2024-04-10,C0199,P004,1,986.74,0.15,838.73,$44.83,Delivered
O00834,2024-04-11,C0141,P021,2,11.04,0.0,22.08,$35.24,Delivered
O00372,2024-04-12,C0041,P007,2,545.77,,1091.54,$36.89,Delivered
O02284,2024-04-12,C0028,P022,3,11.74,,35.22,$7.46,Delivered
O01083,2024-04-13,C0157,P006,5,959.76,,4798.8,$44.46,Shipped
O00227,2024-04-14,C0020,P006,3,959.76,0.15,2447.39,$22.64,Delivered
O00708,2024-04-15,C0054,P018,1,610.13,0.0,610.13,$36.66,Delivered
O01205,2024-04-15,C0108,P034,3,178.15,0.0,534.45,$13.64,Delivered
O01736,2024-04-15,C0012,P014,1,386.46,0.0,386.46,$40.59,Delivered
O00087,2024-04-16,C0182,P015,5,857.48,0.0,4287.4,$14.27,Delivered
O00374,2024-04-16,C0106,P029,1,584.1,0.1,525.69,$30.85,Delivered
O01413,2024-04-16,C0167,P024,2,36.36,0.0,72.72,$19.10,Delivered
O02150,2024-04-17,C0087,P008,1,999.67,0.05,949.69,$35.87,Delivered
O01849,2024-04-18,C0043,P032,3,506.4,0.05,1443.24,$7.18,Delivered
O00242,2024-04-19,C0071,P006,1,959.76,0.1,863.78,$35.94,Delivered
O00422,2024-04-20,C0075,P020,2,13.35,0.1,24.03,$35.38,Delivered
O00674,2024-04-20,C0081,P036,1,202.5,0.0,202.5,$38.10,Delivered
O01048,2024-04-20,C0007,P015,4,857.48,0.15,2915.43,$18.05,Delivered
O01197,2024-04-20,C0046,P028,3,10.85,0.0,32.55,$40.62,Delivered
O01469,2024-04-20,C0095,P031,1,482.84,0.0,482.84,$7.91,Delivered
O01820,2024-04-20,C0005,P021,2,11.04,0.0,22.08,$19.75,Delivered
O00223,2024-04-21,C0016,P023,1,39.29,0.1,35.36,$15.86,Delivered
O00284,2024-04-21,C0140,P032,1,506.4,0.15,430.44,$19.92,Delivered
O01338,2024-04-21,C0153,P020,1,13.35,0.2,10.68,$31.84,Delivered
O01951,2024-04-22,C0005,P014,1,386.46,0.0,386.46,$30.61,Delivered
O00266,2024-04-23,C0037,P018,1,610.13,0.05,579.62,$40.79,Delivered
O01623,2024-04-23,C0084,P035,2,483.75,0.0,967.5,$27.18,Cancelled
O00376,2024-04-24,C0159,P007,2,545.77,0.05,1036.96,$23.76,Delivered
O00770,2024-04-24,C0030,P009,5,739.26,,3696.3,$18.28,Delivered
O01273,2024-04-24,C0027,P008,1,999.67,0.1,899.7,$14.74,Delivered
O01737,2024-04-24,C0019,P014,2,386.46,0.0,772.92,$41.81,Delivered
O01930,2024-04-24,C0056,P021,1,11.04,0.1,9.94,$14.20,Delivered
O02042,2024-04-25,C0115,P010,1,1001.92,0.0,1001.92,$39.62,Delivered
O02154,2024-04-26,C0100,P033,1,372.51,0.0,372.51,$31.40,Shipped
O00034,2024-04-27,C0015,P024,4,36.36,0.0,145.44,$30.43,Cancelled
O00600,2024-04-27,C0105,P029,1,584.1,0.0,584.1,$14.03,Delivered
O00948,2024-04-27,C0186,P036,10,202.5,0.2,1620.0,$12.64,Delivered
O01972,2024-04-27,C0146,P022,1,11.74,0.05,11.15,$10.66,Delivered
O02044,2024-04-29,C0100,P023,1,39.29,0.05,37.33,$24.09,Returned
O00239,2024-04-30,C0018,P034,1,178.15,0.15,151.43,$33.62,Delivered
O02273,2024-04-30,C0093,P011,1,98.09,0.0,98.09,$28.56,Delivered
O02275,2024-04-30,C0073,P034,1,178.15,0.1,160.34,$43.07,Delivered
O00973,2024-05-01,C0110,P007,3,545.77,,1637.31,$25.21,Delivered
O01760,2024-05-01,C0117,P035,4,483.75,0.05,1838.25,$9.92,Delivered
O02395,2024-05-01,C0047,P001,5,455.53,0.2,1822.12,$21.94,Delivered
O00310,2024-05-02,C0075,P006,2,959.76,0.0,1919.52,$16.64,Delivered
O02138,2024-05-02,C0038,P035,3,483.75,0.2,1161.0,$30.11,Delivered
O01923,2024-05-03,C0042,P006,10,959.76,,9597.6,$9.11,Delivered
O01942,2024-05-03,C0063,P001,1,455.53,0.0,455.53,$35.42,Delivered
O00360,2024-05-04,C0141,P017,2,670.34,0.0,1340.68,$12.43,Delivered
O00911,2024-05-04,C0186,P009,1,739.26,0.1,665.33,$25.37,Delivered
O01879,2024-05-04,C0125,P006,1,959.76,0.0,959.76,$22.64,Delivered
O00402,2024-05-05,C0179,P019,3,25.78,0.0,77.34,$41.99,Delivered
O01067,2024-05-05,C0178,P020,5,13.35,0.1,60.08,$34.09,Delivered
O01173,2024-05-05,C0190,P026,2,38.82,0.0,77.64,$10.79,Delivered
O00283,2024-05-06,C0135,P016,3,513.76,0.2,1233.02,$36.06,Delivered
O00699,2024-05-06,C0189,P026,2,38.82,0.0,77.64,$17.19,Cancelled
O00419,2024-05-07,C0046,P017,1,670.34,0.1,603.31,$20.71,Delivered
O01155,2024-05-07,C0174,P022,1,11.74,,11.74,$15.87,Delivered
O00423,2024-05-08,C0102,P002,1,603.39,0.2,482.71,$36.67,Shipped
O00542,2024-05-08,C0143,P036,2,202.5,0.0,405.0,$35.42,Delivered
O00604,2024-05-08,C0093,P003,1,452.27,0.1,407.04,$17.24,Shipped
O00492,2024-05-09,C0143,P028,4,10.85,0.05,41.23,$9.98,Returned
O00512,2024-05-09,C0189,P025,4,5.24,0.05,19.91,$14.78,Delivered
O01675,2024-05-09,C0003,P008,3,999.67,,2999.01,$13.52,Delivered
O00206,2024-05-10,C0085,P036,2,202.5,,405.0,$13.51,Delivered
O01175,2024-05-10,C0001,P011,1,98.09,,98.09,$24.66,Delivered
O01241,2024-05-10,C0030,P018,5,610.13,0.0,3050.65,$30.25,Delivered
O01430,2024-05-10,C0186,P033,1,372.51,0.0,372.51,$28.34,Delivered
O00487,2024-05-11,C0129,P023,1,39.29,0.0,39.29,$32.63,Delivered
O00336,2024-05-12,C0160,P026,2,38.82,0.0,77.64,$24.97,Delivered
O00398,2024-05-12,C0004,P034,1,178.15,0.2,142.52,$9.96,Delivered
O01709,2024-05-12,C0044,P002,1,603.39,0.15,512.88,$23.54,Delivered
O01026,2024-05-13,C0130,P003,2,452.27,0.0,904.54,$30.19,Delivered
O01390,2024-05-13,C0075,P016,2,513.76,0.1,924.77,$17.07,Delivered
O01400,2024-05-13,C0119,P028,2,10.85,0.1,19.53,$10.66,Delivered
O00548,2024-05-14,C0077,P015,1,857.48,0.15,728.86,$4.89,Shipped
O01787,2024-05-14,C0121,P025,1,5.24,0.2,4.19,$17.76,Shipped
O02338,2024-05-14,C0158,P035,2,483.75,0.05,919.12,$32.65,Delivered
O00900,2024-05-15,C0036,P008,4,999.67,,3998.68,$43.76,Delivered
O01491,2024-05-15,C0099,P031,1,482.84,0.0,482.84,$40.21,Shipped
O01783,2024-05-15,C0065,P013,5,257.23,0.0,1286.15,$24.07,Returned
O02308,2024-05-15,C0022,P029,10,584.1,0.1,5256.9,$42.04,Delivered
O00355,2024-05-16,C0077,P019,2,25.78,0.2,41.25,$40.41,Cancelled
O00871,2024-05-16,C0064,P034,2,178.15,0.0,356.3,$25.05,Delivered
O00112,2024-05-17,C0045,P030,5,233.43,0.15,992.08,$26.40,Delivered
O00610,2024-05-17,C0001,P008,1,999.67,0.0,999.67,$34.24,Delivered
O00854,2024-05-17,C0059,P012,1,896.58,0.1,806.92,$10.71,Delivered
O01258,2024-05-17,C0027,P006,2,959.76,0.2,1535.62,$8.25,Delivered
O02296,2024-05-17,C0171,P005,1,1038.27,0.0,1038.27,$5.73,Delivered
O00858,2024-05-18,C0135,P012,2,896.58,0.0,1793.16,$14.09,Delivered
O01632,2024-05-18,C0081,P015,3,857.48,0.05,2443.82,$16.42,Delivered
O01818,2024-05-18,C0148,P022,3,11.74,0.0,35.22,$43.58,Delivered
O00082,2024-05-19,C0127,P002,1,603.39,0.15,512.88,$23.16,Cancelled
O00085,2024-05-19,C0175,P034,3,178.15,0.0,534.45,$35.48,Delivered
O00305,2024-05-19,C0024,P022,2,11.74,0.0,23.48,$21.68,Delivered
O00646,2024-05-19,C0157,P033,2,372.51,0.0,745.02,$38.95,Delivered
O00661,2024-05-19,C0016,P031,3,482.84,0.1,1303.67,$37.16,Delivered
O01348,2024-05-19,C0164,P010,1,1001.92,0.1,901.73,$33.48,Returned
O00430,2024-05-20,C0073,P005,5,1038.27,0.15,4412.65,$23.92,Delivered
O00811,2024-05-20,C0052,P027,2,33.5,0.0,67.0,$40.12,Delivered
O00996,2024-05-20,C0167,P003,1,452.27,0.05,429.66,$22.54,Delivered
O02115,2024-05-20,C0100,P007,2,545.77,0.0,1091.54,$4.44,Delivered
O00004,2024-05-21,C0158,P003,3,452.27,0.1,1221.13,$22.78,Cancelled
O00652,2024-05-21,C0107,P030,5,233.43,0.2,933.72,$29.55,Delivered
O00669,2024-05-21,C0137,P015,2,857.48,0.0,1714.96,$25.75,Delivered
O00761,2024-05-22,C0154,P024,4,36.36,,145.44,$43.94,Shipped
O01499,2024-05-22,C0156,P030,4,233.43,0.0,933.72,$5.57,Delivered
O01595,2024-05-22,C0059,P016,2,513.76,0.0,1027.52,$17.07,Delivered
O01712,2024-05-22,C0116,P020,2,13.35,0.1,24.03,$17.55,Delivered
O01520,2024-05-23,C0103,P020,1,13.35,0.05,12.68,$35.29,Returned
O00485,2024-05-24,C0148,P018,5,610.13,0.1,2745.58,$20.31,Delivered
O01429,2024-05-24,C0115,P027,2,33.5,,67.0,$32.70,Delivered
O01769,2024-05-24,C0178,P014,1,386.46,0.0,386.46,$30.29,Delivered
O01967,2024-05-24,C0121,P017,5,670.34,0.15,2848.94,$29.89,Delivered
O02022,2024-05-24,C0142,P036,3,202.5,0.15,516.38,$8.91,Shipped
O02400,2024-05-25,C0050,P028,2,10.85,0.05,20.62,$16.06,Delivered
O00089,2024-05-26,C0165,P011,1,98.09,0.15,83.38,$38.54,Delivered
O01747,2024-05-26,C0052,P006,1,959.76,0.0,959.76,$23.23,Delivered
O02107,2024-05-26,C0095,P016,1,513.76,0.1,462.38,$17.59,Cancelled
O01313,2024-05-27,C0076,P013,2,257.23,,514.46,$25.26,Delivered
O00338,2024-05-28,C0071,P021,4,11.04,0.1,39.74,$30.90,Returned
O01821,2024-05-28,C0083,P006,5,959.76,0.1,4318.92,$6.74,Delivered
O00133,2024-05-29,C0117,P024,2,36.36,0.05,69.08,$35.24,Delivered
O00960,2024-05-29,C0017,P009,1,739.26,0.05,702.3,$40.12,Delivered
O02101,2024-05-29,C0194,P009,2,739.26,0.05,1404.59,$8.27,Cancelled
O00271,2024-05-30,C0031,P035,2,483.75,,967.5,$14.87,Delivered
O00390,2024-05-30,C0189,P004,2,986.74,0.2,1578.78,$38.39,Delivered
O00681,2024-05-30,C0068,P012,5,896.58,0.2,3586.32,$11.32,Delivered
O00977,2024-05-30,C0092,P020,1,13.35,,13.35,$16.66,Delivered
O02235,2024-05-30,C0131,P030,1,233.43,0.0,233.43,$20.09,Delivered
O00851,2024-05-31,C0067,P008,2,999.67,0.1,1799.41,$34.66,Returned
O01360,2024-06-01,C0078,P026,1,38.82,,38.82,$19.44,Delivered
O02119,2024-06-01,C0001,P014,1,386.46,0.0,386.46,$7.13,Delivered
O01235,2024-06-02,C0160,P021,2,11.04,0.1,19.87,$39.97,Cancelled
O01583,2024-06-02,C0163,P020,1,13.35,0.0,13.35,$10.01,Delivered
O02049,2024-06-02,C0070,P011,1,98.09,0.05,93.19,$30.45,Delivered
O01723,2024-06-03,C0175,P010,5,1001.92,0.0,5009.6,$24.80,Shipped
O01915,2024-06-03,C0066,P032,2,506.4,0.1,911.52,$24.96,Delivered
O02162,2024-06-03,C0102,P034,3,178.15,0.1,481.01,$6.75,Delivered
O00366,2024-06-04,C0020,P007,5,545.77,0.05,2592.41,$22.73,Cancelled
O00442,2024-06-04,C0012,P003,10,452.27,0.15,3844.29,$8.23,Cancelled
O00625,2024-06-04,C0153,P006,1,959.76,0.1,863.78,$4.92,Delivered
O01047,2024-06-04,C0072,P021,2,11.04,0.2,17.66,$30.57,Delivered
O01362,2024-06-04,C0149,P023,2,39.29,0.2,62.86,$6.77,Delivered
O02225,2024-06-04,C0135,P025,3,5.24,0.0,15.72,$24.48,Shipped
O00281,2024-06-05,C0039,P003,2,452.27,,904.54,$20.89,Delivered
O00640,2024-06-05,C0190,P032,1,506.4,,506.4,$17.34,Delivered
O01030,2024-06-05,C0005,P007,1,545.77,0.0,545.77,$25.92,Delivered
O01513,2024-06-05,C0180,P028,3,10.85,0.05,30.92,$18.03,Cancelled
O01615,2024-06-05,C0088,P018,1,610.13,,610.13,$9.51,Delivered
O01755,2024-06-05,C0029,P005,2,1038.27,0.0,2076.54,$33.69,Delivered
O01257,2024-06-06,C0175,P028,5,10.85,0.0,54.25,$44.81,Shipped
O01982,2024-06-06,C0157,P019,1,25.78,,25.78,$28.85,Delivered
O00559,2024-06-07,C0051,P032,2,506.4,0.05,962.16,$13.93,Delivered
O02054,2024-06-08,C0001,P010,10,1001.92,0.15,8516.32,$35.51,Delivered
O02091,2024-06-08,C0067,P016,1,513.76,0.1,462.38,$25.73,Delivered
O00459,2024-06-09,C0022,P019,1,25.78,0.0,25.78,$33.08,Delivered
O01996,2024-06-09,C0096,P022,1,11.74,,11.74,$35.63,Cancelled
O00060,2024-06-11,C0001,P023,1,39.29,0.2,31.43,$11.68,Delivered
O00369,2024-06-11,C0166,P011,10,98.09,0.1,882.81,$40.02,Delivered
O00544,2024-06-11,C0169,P011,2,98.09,,196.18,$42.27,Returned
O01252,2024-06-11,C0043,P025,1,5.24,0.05,4.98,$43.05,Cancelled
O00154,2024-06-12,C0085,P006,5,959.76,0.15,4078.98,$7.79,Delivered
O00186,2024-06-12,C0022,P036,5,202.5,0.05,961.88,$27.45,Delivered
O00999,2024-06-12,C0132,P022,2,11.74,,23.48,$17.00,Delivered
O01074,2024-06-12,C0032,P018,1,610.13,0.0,610.13,$28.01,Delivered
O01493,2024-06-12,C0065,P008,1,999.67,0.0,999.67,$39.51,Shipped
O02360,2024-06-12,C0092,P029,5,584.1,0.0,2920.5,$42.17,Delivered
O00919,2024-06-13,C0151,P036,1,202.5,,202.5,$30.09,Cancelled
O00990,2024-06-13,C0037,P009,3,739.26,0.05,2106.89,$25.83,Delivered
O00007,2024-06-14,C0183,P021,1,11.04,0.2,8.83,$8.07,Delivered
O00877,2024-06-14,C0044,P031,3,482.84,,1448.52,$16.41,Shipped
O02171,2024-06-14,C0065,P007,5,545.77,,2728.85,$34.38,Delivered
O00035,2024-06-15,C0024,P033,10,372.51,0.0,3725.1,$22.44,Shipped
O00158,2024-06-15,C0181,P014,1,386.46,0.05,367.14,$26.64,Delivered
O00909,2024-06-15,C0053,P035,2,483.75,0.15,822.38,$40.39,Delivered
O00935,2024-06-15,C0083,P026,5,38.82,0.15,164.98,$21.92,Delivered
O00131,2024-06-16,C0079,P011,5,98.09,0.1,441.4,$32.30,Delivered
O00902,2024-06-16,C0194,P027,1,33.5,0.05,31.82,$10.22,Delivered
O00910,2024-06-16,C0104,P013,5,257.23,0.0,1286.15,$5.52,Delivered
O01073,2024-06-16,C0105,P029,4,584.1,0.0,2336.4,$7.27,Delivered
O01406,2024-06-17,C0081,P005,2,1038.27,0.1,1868.89,$35.41,Delivered
O00729,2024-06-18,C0011,P024,3,36.36,0.05,103.63,$9.67,Delivered
O00867,2024-06-18,C0122,P018,3,610.13,0.15,1555.83,$29.17,Delivered
O01305,2024-06-18,C0004,P014,2,386.46,0.15,656.98,$12.56,Delivered
O02320,2024-06-18,C0155,P027,3,33.5,0.1,90.45,$38.24,Delivered
O01103,2024-06-20,C0118,P011,2,98.09,0.0,196.18,$12.60,Shipped
O01506,2024-06-20,C0031,P022,2,11.74,0.0,23.48,$27.21,Delivered
O01527,2024-06-20,C0026,P031,1,482.84,,482.84,$31.41,Shipped
O01799,2024-06-20,C0102,P019,1,25.78,0.2,20.62,$14.29,Delivered
O01851,2024-06-20,C0078,P029,1,584.1,0.0,584.1,$19.09,Delivered
O00827,2024-06-21,C0038,P024,1,36.36,0.0,36.36,$38.50,Delivered
O01101,2024-06-21,C0090,P026,1,38.82,0.05,36.88,$32.75,Delivered
O01582,2024-06-21,C0145,P024,3,36.36,0.1,98.17,$42.74,Delivered
O01896,2024-06-21,C0055,P007,1,545.77,0.0,545.77,$9.99,Delivered
O00201,2024-06-22,C0143,P015,3,857.48,0.0,2572.44,$18.14,Delivered
O01195,2024-06-22,C0099,P008,1,999.67,0.1,899.7,$18.65,Delivered
O01558,2024-06-22,C0078,P019,3,25.78,,77.34,$31.65,Delivered
O01771,2024-06-22,C0196,P032,2,506.4,0.0,1012.8,$31.72,Delivered
O01954,2024-06-22,C0038,P007,1,545.77,0.0,545.77,$18.37,Returned
O02010,2024-06-22,C0141,P005,1,1038.27,0.0,1038.27,$39.80,Shipped
O00213,2024-06-23,C0108,P009,2,739.26,0.0,1478.52,$26.75,Delivered
O00726,2024-06-23,C0177,P022,2,11.74,0.1,21.13,$21.46,Delivered
O01669,2024-06-23,C0103,P019,2,25.78,,51.56,$23.19,Delivered
O00696,2024-06-24,C0004,P012,2,896.58,0.1,1613.84,$37.65,Delivered
O01902,2024-06-24,C0128,P005,2,1038.27,0.0,2076.54,$21.11,Delivered
O00159,2024-06-25,C0098,P030,1,233.43,,233.43,$23.11,Shipped
O00890,2024-06-25,C0183,P025,10,5.24,0.15,44.54,$36.63,Delivered
O01718,2024-06-25,C0046,P028,4,10.85,,43.4,$7.72,Delivered
O02310,2024-06-25,C0092,P034,2,178.15,0.05,338.48,$27.41,Delivered
O00733,2024-06-26,C0137,P019,3,25.78,0.0,77.34,$11.72,Shipped
O01289,2024-06-26,C0083,P015,2,857.48,0.05,1629.21,$8.22,Delivered
O01559,2024-06-26,C0160,P011,2,98.09,0.0,196.18,$34.81,Delivered
O01651,2024-06-26,C0083,P035,3,483.75,,1451.25,$24.20,Shipped
O02014,2024-06-26,C0065,P002,5,603.39,0.0,3016.95,$44.68,Delivered
O02041,2024-06-26,C0029,P001,4,455.53,0.0,1822.12,$20.95,Delivered
O00282,2024-06-27,C0016,P006,1,959.76,0.0,959.76,$21.19,Delivered
O00475,2024-06-27,C0144,P005,1,1038.27,0.1,934.44,$39.92,Shipped
O01355,2024-06-27,C0028,P030,1,233.43,,233.43,$8.93,Delivered
O01523,2024-06-27,C0036,P009,1,739.26,0.0,739.26,$16.68,Delivered
O01560,2024-06-27,C0191,P032,10,506.4,0.2,4051.2,$41.77,Delivered
O01931,2024-06-27,C0060,P025,1,5.24,0.05,4.98,$30.46,Delivered
O01962,2024-06-27,C0051,P006,2,959.76,0.1,1727.57,$20.17,Delivered
O02095,2024-06-27,C0158,P036,10,202.5,0.0,2025.0,$9.16,Delivered
O02324,2024-06-27,C0200,P015,1,857.48,0.2,685.98,$25.84,Delivered
O00799,2024-06-28,C0130,P004,10,986.74,0.15,8387.29,$35.43,Delivered
O00822,2024-06-28,C0036,P016,1,513.76,0.0,513.76,$25.40,Shipped
O00205,2024-06-29,C0006,P022,1,11.74,0.05,11.15,$25.16,Delivered
O01479,2024-06-29,C0096,P034,1,178.15,0.15,151.43,$42.01,Delivered
O01815,2024-06-29,C0032,P009,1,739.26,0.0,739.26,$19.15,Cancelled
O02121,2024-06-29,C0060,P026,1,38.82,0.0,38.82,$35.02,Delivered
O02152,2024-06-29,C0008,P011,2,98.09,0.05,186.37,$4.04,Delivered
O00010,2024-06-30,C0096,P010,3,1001.92,,3005.76,$6.75,Shipped
O00093,2024-06-30,C0107,P031,1,482.84,0.15,410.41,$34.10,Shipped
O00290,2024-06-30,C0127,P035,1,483.75,,483.75,$5.56,Delivered
O00654,2024-06-30,C0188,P016,3,513.76,0.1,1387.15,$20.84,Delivered
O00718,2024-06-30,C0059,P006,2,959.76,,1919.52,$39.35,Delivered
O01458,2024-07-01,C0093,P035,1,483.75,0.0,483.75,$38.36,Delivered
O01749,2024-07-01,C0018,P016,3,513.76,,1541.28,$28.48,Delivered
O00448,2024-07-02,C0054,P011,2,98.09,0.2,156.94,$4.92,Delivered
O02002,2024-07-02,C0010,P015,3,857.48,0.1,2315.2,$20.19,Delivered
O01424,2024-07-03,C0148,P032,2,506.4,0.05,962.16,$40.89,Shipped
O01557,2024-07-03,C0147,P006,1,959.76,0.05,911.77,$34.67,Delivered
O01601,2024-07-03,C0194,P012,10,896.58,,8965.8,$24.33,Delivered
O01638,2024-07-03,C0066,P033,1,372.51,,372.51,$4.66,Delivered
O02233,2024-07-03,C0047,P023,3,39.29,0.15,100.19,$27.04,Delivered
O00555,2024-07-04,C0014,P020,2,13.35,0.15,22.7,$24.60,Delivered
O00763,2024-07-04,C0015,P010,1,1001.92,0.0,1001.92,$6.17,Delivered
O00997,2024-07-04,C0056,P020,1,13.35,0.15,11.35,$14.44,Delivered
O01223,2024-07-04,C0073,P026,1,38.82,0.15,33.0,$43.93,Delivered
O01335,2024-07-04,C0073,P033,1,372.51,0.0,372.51,$33.24,Delivered
O01975,2024-07-04,C0126,P026,4,38.82,0.1,139.75,$13.97,Shipped
O02350,2024-07-04,C0079,P021,10,11.04,0.05,104.88,$36.03,Shipped
O00006,2024-07-05,C0156,P010,1,1001.92,0.1,901.73,$29.60,Delivered
O00097,2024-07-05,C0132,P030,1,233.43,0.2,186.74,$24.72,Cancelled
O00772,2024-07-05,C0191,P008,1,999.67,0.0,999.67,$32.21,Delivered
O00928,2024-07-05,C0034,P009,2,739.26,,1478.52,$35.23,Delivered
O01847,2024-07-05,C0065,P014,1,386.46,0.0,386.46,$39.27,Delivered
O00152,2024-07-06,C0138,P031,1,482.84,0.05,458.7,$16.33,Delivered
O00410,2024-07-06,C0041,P027,2,33.5,0.2,53.6,$7.77,Delivered
O00495,2024-07-06,C0122,P007,1,545.77,0.1,491.19,$18.11,Delivered
O00546,2024-07-06,C0055,P025,3,5.24,0.1,14.15,$18.76,Delivered
O00816,2024-07-06,C0069,P019,2,25.78,0.1,46.4,$32.16,Delivered
O01145,2024-07-06,C0125,P004,1,986.74,0.15,838.73,$8.39,Delivered
O01451,2024-07-06,C0030,P012,1,896.58,0.2,717.26,$32.90,Delivered
O01719,2024-07-06,C0052,P015,1,857.48,,857.48,$34.82,Delivered
O02040,2024-07-07,C0064,P003,3,452.27,0.2,1085.45,$9.45,Delivered
O01251,2024-07-08,C0033,P029,1,584.1,0.05,554.9,$21.23,Delivered
O01536,2024-07-08,C0099,P030,1,233.43,0.2,186.74,$21.32,Delivered
O01990,2024-07-08,C0101,P013,1,257.23,0.0,257.23,$5.29,Shipped
O00446,2024-07-09,C0043,P015,1,857.48,0.1,771.73,$12.67,Delivered
O00523,2024-07-09,C0032,P017,1,670.34,0.0,670.34,$39.41,Delivered
O00574,2024-07-09,C0023,P025,2,5.24,0.05,9.96,$21.11,Delivered
O00620,2024-07-09,C0096,P029,4,584.1,0.1,2102.76,$12.86,Delivered
O00693,2024-07-09,C0087,P004,2,986.74,0.05,1874.81,$37.09,Delivered
O02087,2024-07-09,C0081,P025,2,5.24,0.1,9.43,$34.85,Delivered
O02289,2024-07-09,C0053,P008,10,999.67,0.05,9496.86,$28.89,Delivered
O01371,2024-07-10,C0122,P033,2,372.51,0.0,745.02,$36.87,Delivered
O01576,2024-07-10,C0016,P019,4,25.78,0.0,103.12,$18.90,Delivered
O01588,2024-07-10,C0088,P015,1,857.48,0.05,814.61,$10.15,Delivered
O01731,2024-07-10,C0104,P028,2,10.85,0.15,18.44,$27.01,Delivered
O02187,2024-07-10,C0185,P017,1,670.34,0.15,569.79,$38.69,Delivered
O00024,2024-07-11,C0098,P035,3,483.75,0.15,1233.56,$6.96,Shipped
O00208,2024-07-11,C0002,P014,1,386.46,0.0,386.46,$27.67,Delivered
O00337,2024-07-11,C0096,P036,1,202.5,0.0,202.5,$23.75,Delivered
O01405,2024-07-11,C0092,P031,2,482.84,0.0,965.68,$15.33,Delivered
O01617,2024-07-11,C0144,P006,2,959.76,0.1,1727.57,$26.82,Shipped
O02174,2024-07-11,C0108,P011,2,98.09,0.15,166.75,$34.12,Delivered
O01542,2024-07-12,C0076,P002,2,603.39,0.0,1206.78,$16.02,Delivered
O01753,2024-07-12,C0161,P013,1,257.23,,257.23,$6.84,Delivered
O02043,2024-07-13,C0106,P025,2,5.24,0.05,9.96,$39.17,Delivered
O02094,2024-07-13,C0011,P031,1,482.84,0.05,458.7,$13.86,Delivered
O00056,2024-07-14,C0121,P009,3,739.26,,2217.78,$22.39,Delivered
O01412,2024-07-14,C0037,P002,1,603.39,0.15,512.88,$17.73,Delivered
O01682,2024-07-14,C0026,P032,1,506.4,,506.4,$13.08,Delivered
O00739,2024-07-15,C0136,P036,1,202.5,0.1,182.25,$11.04,Delivered
O01832,2024-07-15,C0194,P003,5,452.27,0.0,2261.35,$33.63,Delivered
O00742,2024-07-16,C0082,P009,2,739.26,0.15,1256.74,$11.56,Delivered
O01517,2024-07-16,C0003,P011,2,98.09,0.0,196.18,$11.67,Delivered
O01591,2024-07-16,C0026,P022,10,11.74,0.0,117.4,$43.79,Delivered
O01151,2024-07-17,C0035,P026,1,38.82,0.05,36.88,$42.88,Returned
O01789,2024-07-17,C0142,P013,5,257.23,0.0,1286.15,$37.02,Returned
O02298,2024-07-17,C0156,P034,10,178.15,0.05,1692.42,$30.57,Delivered
O00013,2024-07-18,C0074,P020,1,13.35,,13.35,$13.19,Delivered
O00456,2024-07-18,C0155,P035,4,483.75,0.2,1548.0,$25.40,Delivered
O00820,2024-07-18,C0006,P004,4,986.74,0.0,3946.96,$16.87,Delivered
O00932,2024-07-18,C0159,P035,2,483.75,0.0,967.5,$43.25,Delivered
O01077,2024-07-18,C0087,P028,1,10.85,0.15,9.22,$37.49,Returned
O01396,2024-07-18,C0053,P025,1,5.24,0.2,4.19,$25.83,Delivered
O01431,2024-07-18,C0167,P030,2,233.43,0.1,420.17,$42.74,Delivered
O01440,2024-07-18,C0068,P006,4,959.76,0.1,3455.14,$34.00,Delivered
O00434,2024-07-19,C0166,P006,4,959.76,0.0,3839.04,$40.54,Delivered
O00611,2024-07-19,C0158,P027,2,33.5,0.05,63.65,$4.46,Delivered
O00616,2024-07-19,C0134,P020,2,13.35,0.15,22.7,$26.76,Delivered
O00981,2024-07-19,C0149,P022,1,11.74,,11.74,$39.92,Returned
O01138,2024-07-19,C0035,P031,2,482.84,0.0,965.68,$20.62,Delivered
O01662,2024-07-19,C0033,P007,1,545.77,,545.77,$38.03,Delivered
O02098,2024-07-19,C0064,P034,1,178.15,0.05,169.24,$25.66,Delivered
O02136,2024-07-19,C0066,P011,2,98.09,0.2,156.94,$35.43,Delivered
O02313,2024-07-19,C0049,P025,2,5.24,0.0,10.48,$42.30,Delivered
O00306,2024-07-20,C0156,P028,1,10.85,0.0,10.85,$17.57,Cancelled
O01381,2024-07-20,C0167,P023,4,39.29,0.05,149.3,$4.88,Delivered
O00359,2024-07-21,C0153,P004,1,986.74,0.0,986.74,$21.09,Delivered
O00585,2024-07-21,C0113,P032,5,506.4,0.2,2025.6,$20.60,Delivered
O01724,2024-07-21,C0114,P002,2,603.39,0.0,1206.78,$37.10,Delivered
O02139,2024-07-21,C0038,P022,3,11.74,0.1,31.7,$27.35,Delivered
O00329,2024-07-22,C0051,P018,1,610.13,0.0,610.13,$31.93,Delivered
O01129,2024-07-22,C0025,P034,1,178.15,0.1,160.34,$28.91,Shipped
O01590,2024-07-22,C0135,P015,3,857.48,0.15,2186.57,$31.23,Delivered
O02203,2024-07-22,C0178,P015,3,857.48,0.0,2572.44,$13.17,Cancelled
O00164,2024-07-23,C0126,P030,1,233.43,0.15,198.42,$10.94,Delivered
O00530,2024-07-23,C0126,P013,2,257.23,0.15,437.29,$17.27,Delivered
O01321,2024-07-23,C0150,P001,1,455.53,0.0,455.53,$27.26,Cancelled
O01716,2024-07-23,C0127,P008,1,999.67,0.0,999.67,$42.79,Delivered
O01885,2024-07-23,C0020,P013,1,257.23,0.0,257.23,$35.67,Delivered
O02036,2024-07-23,C0055,P025,1,5.24,0.1,4.72,$18.11,Delivered
O02359,2024-07-23,C0102,P031,1,482.84,0.0,482.84,$11.09,Delivered
O01358,2024-07-24,C0129,P014,1,386.46,0.2,309.17,$25.03,Delivered
O01422,2024-07-24,C0033,P035,1,483.75,0.2,387.0,$31.64,Delivered
O01121,2024-07-25,C0109,P005,2,1038.27,0.0,2076.54,$20.40,Delivered
O02052,2024-07-25,C0146,P007,1,545.77,0.1,491.19,$14.34,Delivered
O01533,2024-07-26,C0099,P012,1,896.58,,896.58,$5.43,Returned
O01548,2024-07-26,C0185,P006,4,959.76,0.2,3071.23,$43.57,Delivered
O02195,2024-07-26,C0165,P012,1,896.58,0.1,806.92,$40.20,Delivered
O02353,2024-07-26,C0102,P022,5,11.74,0.0,58.7,$32.49,Delivered
O02371,2024-07-26,C0138,P025,5,5.24,0.15,22.27,$33.28,Delivered
O00072,2024-07-27,C0115,P003,3,452.27,0.15,1153.29,$29.21,Delivered
O00460,2024-07-27,C0148,P034,1,178.15,0.0,178.15,$19.38,Delivered
O00660,2024-07-27,C0075,P011,1,98.09,0.1,88.28,$33.81,Delivered
O00840,2024-07-27,C0051,P017,3,670.34,0.0,2011.02,$6.04,Delivered
O01134,2024-07-27,C0120,P033,1,372.51,0.2,298.01,$25.34,Delivered
O01375,2024-07-27,C0074,P005,2,1038.27,0.1,1868.89,$20.37,Delivered
O02299,2024-07-27,C0152,P029,1,584.1,0.1,525.69,$8.18,Returned
O02336,2024-07-27,C0025,P018,1,610.13,0.1,549.12,$20.96,Shipped
O00090,2024-07-28,C0008,P006,1,959.76,0.1,863.78,$30.70,Delivered
O01206,2024-07-28,C0005,P024,2,36.36,0.0,72.72,$41.76,Delivered
O01614,2024-07-28,C0125,P016,1,513.76,0.2,411.01,$6.43,Delivered
O01948,2024-07-28,C0192,P026,3,38.82,0.2,93.17,$10.84,Shipped
O02147,2024-07-28,C0140,P010,3,1001.92,0.2,2404.61,$27.49,Delivered
O00171,2024-07-29,C0102,P006,2,959.76,0.05,1823.54,$16.30,Shipped
O00237,2024-07-29,C0109,P009,1,739.26,0.0,739.26,$8.23,Delivered
O00805,2024-07-29,C0006,P021,2,11.04,,22.08,$8.10,Delivered
O00829,2024-07-29,C0093,P008,2,999.67,0.0,1999.34,$41.30,Delivered
O01359,2024-07-29,C0039,P023,2,39.29,0.0,78.58,$15.41,Delivered
O01744,2024-07-29,C0019,P008,1,999.67,,999.67,$6.73,Delivered
O02149,2024-07-29,C0110,P007,1,545.77,0.05,518.48,$37.10,Delivered
O02315,2024-07-29,C0119,P026,5,38.82,,194.1,$31.25,Delivered
O00595,2024-07-30,C0131,P011,3,98.09,0.15,250.13,$27.19,Delivered
O00714,2024-07-30,C0112,P010,1,1001.92,,1001.92,$11.30,Delivered
O00732,2024-07-30,C0125,P033,2,372.51,0.0,745.02,$23.28,Delivered
O01442,2024-07-30,C0162,P033,3,372.51,0.0,1117.53,$32.98,Delivered
O01800,2024-07-30,C0062,P034,1,178.15,0.1,160.34,$15.54,Delivered
O00628,2024-07-31,C0132,P007,1,545.77,0.15,463.9,$26.52,Delivered
O00672,2024-07-31,C0070,P022,1,11.74,0.0,11.74,$14.47,Delivered
O00704,2024-07-31,C0198,P031,3,482.84,0.05,1376.09,$9.87,Delivered
O01743,2024-07-31,C0154,P001,3,455.53,,1366.59,$9.28,Delivered
O00128,2024-08-01,C0023,P026,3,38.82,0.0,116.46,$44.25,Delivered
O00982,2024-08-01,C0127,P015,5,857.48,0.05,4073.03,$32.42,Delivered
O00566,2024-08-02,C0037,P002,1,603.39,0.0,603.39,$14.47,Delivered
O00959,2024-08-02,C0142,P013,3,257.23,0.0,771.69,$6.68,Delivered
O01480,2024-08-02,C0035,P011,2,98.09,,196.18,$4.40,Delivered
O01597,2024-08-02,C0151,P014,1,386.46,0.2,309.17,$39.31,Delivered
O01768,2024-08-02,C0142,P011,3,98.09,0.2,235.42,$11.39,Delivered
O02062,2024-08-02,C0151,P027,1,33.5,0.1,30.15,$30.36,Shipped
O00207,2024-08-04,C0048,P012,1,896.58,0.05,851.75,$22.43,Delivered
O01596,2024-08-04,C0051,P031,1,482.84,0.0,482.84,$23.52,Delivered
O01804,2024-08-04,C0128,P020,3,13.35,0.15,34.04,$26.38,Delivered
O00444,2024-08-05,C0151,P005,2,1038.27,0.2,1661.23,$43.88,Delivered
O00685,2024-08-05,C0069,P010,2,1001.92,,2003.84,$23.60,Delivered
O01333,2024-08-05,C0076,P001,4,455.53,0.0,1822.12,$6.18,Delivered
O01688,2024-08-05,C0146,P012,1,896.58,0.15,762.09,$8.05,Returned
O00637,2024-08-06,C0183,P007,3,545.77,,1637.31,$20.43,Delivered
O01033,2024-08-06,C0165,P007,1,545.77,0.0,545.77,$6.00,Delivered
O01111,2024-08-06,C0152,P012,3,896.58,0.1,2420.77,$27.43,Delivered
O01932,2024-08-06,C0183,P002,1,603.39,0.15,512.88,$18.74,Delivered
O02170,2024-08-06,C0025,P028,1,10.85,0.0,10.85,$13.70,Delivered
O00407,2024-08-07,C0034,P011,1,98.09,0.0,98.09,$5.64,Returned
O00751,2024-08-07,C0038,P028,1,10.85,0.15,9.22,$16.63,Delivered
O01132,2024-08-07,C0183,P010,3,1001.92,0.0,3005.76,$19.53,Delivered
O01824,2024-08-07,C0082,P032,10,506.4,0.05,4810.8,$37.79,Delivered
O00068,2024-08-08,C0032,P024,2,36.36,0.2,58.18,$34.48,Shipped
O00161,2024-08-08,C0106,P003,1,452.27,0.1,407.04,$26.69,Delivered
O01253,2024-08-08,C0148,P001,1,455.53,0.1,409.98,$24.59,Shipped
O01866,2024-08-08,C0161,P010,2,1001.92,0.0,2003.84,$38.90,Delivered
O02080,2024-08-08,C0087,P034,2,178.15,0.1,320.67,$14.71,Delivered
O00347,2024-08-09,C0150,P005,1,1038.27,0.2,830.62,$25.72,Delivered
O00603,2024-08-09,C0046,P011,3,98.09,0.0,294.27,$43.62,Delivered
O00349,2024-08-10,C0118,P010,3,1001.92,,3005.76,$17.64,Cancelled
O00695,2024-08-10,C0037,P032,5,506.4,0.0,2532.0,$13.95,Delivered
O02374,2024-08-10,C0038,P018,2,610.13,0.05,1159.25,$17.57,Delivered
O00273,2024-08-11,C0038,P006,1,959.76,0.0,959.76,$31.76,Delivered
O00551,2024-08-11,C0024,P026,1,38.82,0.15,33.0,$36.51,Delivered
O00649,2024-08-11,C0104,P025,1,5.24,0.0,5.24,$11.72,Delivered
O00766,2024-08-11,C0176,P020,1,13.35,0.15,11.35,$7.93,Delivered
O00968,2024-08-11,C0134,P016,5,513.76,,2568.8,$35.33,Delivered
O01072,2024-08-11,C0048,P013,1,257.23,0.0,257.23,$37.18,Delivered
O01343,2024-08-11,C0194,P009,1,739.26,0.15,628.37,$9.22,Delivered
O01351,2024-08-11,C0077,P026,1,38.82,0.1,34.94,$37.69,Delivered
O01658,2024-08-11,C0089,P013,2,257.23,0.2,411.57,$22.54,Delivered
O00104,2024-08-12,C0036,P022,4,11.74,,46.96,$10.11,Shipped
O00454,2024-08-12,C0052,P034,4,178.15,0.2,570.08,$37.89,Delivered
O00762,2024-08-12,C0096,P033,3,372.51,0.0,1117.53,$38.66,Delivered
O01182,2024-08-12,C0169,P007,3,545.77,0.2,1309.85,$42.77,Delivered
O01331,2024-08-12,C0117,P023,2,39.29,0.0,78.58,$23.12,Delivered
O00166,2024-08-13,C0020,P004,3,986.74,0.2,2368.18,$9.64,Delivered
O00469,2024-08-13,C0164,P032,3,506.4,0.1,1367.28,$11.98,Delivered
O00978,2024-08-13,C0095,P001,2,455.53,0.0,911.06,$6.35,Delivered
O01018,2024-08-13,C0080,P013,2,257.23,,514.46,$15.29,Delivered
O01545,2024-08-13,C0111,P018,2,610.13,,1220.26,$5.67,Delivered
O01599,2024-08-13,C0105,P018,2,610.13,0.1,1098.23,$43.01,Delivered
O00602,2024-08-14,C0009,P020,1,13.35,0.0,13.35,$6.01,Delivered
O00662,2024-08-14,C0074,P032,1,506.4,0.0,506.4,$38.91,Delivered
O00936,2024-08-14,C0136,P021,1,11.04,0.0,11.04,$8.70,Delivered
O01484,2024-08-14,C0110,P020,1,13.35,0.2,10.68,$42.31,Delivered
O01531,2024-08-14,C0197,P016,4,513.76,0.2,1644.03,$41.50,Delivered
O01690,2024-08-14,C0071,P029,3,584.1,0.15,1489.46,$22.79,Cancelled
O01015,2024-08-15,C0015,P024,4,36.36,0.2,116.35,$20.04,Cancelled
O01340,2024-08-15,C0146,P030,2,233.43,0.2,373.49,$36.08,Shipped
O01831,2024-08-15,C0007,P028,1,10.85,0.0,10.85,$30.39,Delivered
O00505,2024-08-16,C0033,P009,1,739.26,0.15,628.37,$39.28,Delivered
O00727,2024-08-16,C0157,P035,3,483.75,0.15,1233.56,$34.17,Delivered
O01037,2024-08-17,C0084,P021,1,11.04,0.2,8.83,$42.50,Delivered
O01823,2024-08-17,C0064,P015,4,857.48,,3429.92,$27.04,Delivered
O01907,2024-08-17,C0070,P019,5,25.78,0.15,109.56,$41.20,Delivered
O01924,2024-08-17,C0105,P015,1,857.48,0.0,857.48,$40.57,Returned
O00400,2024-08-18,C0076,P014,3,386.46,0.0,1159.38,$18.71,Delivered
O00441,2024-08-18,C0060,P003,3,452.27,0.2,1085.45,$23.26,Delivered
O00525,2024-08-18,C0150,P008,10,999.67,,9996.7,$32.22,Delivered
O00494,2024-08-19,C0144,P004,1,986.74,0.0,986.74,$6.46,Shipped
O00515,2024-08-19,C0164,P030,2,233.43,0.05,443.52,$17.15,Delivered
O00976,2024-08-19,C0012,P004,1,986.74,0.2,789.39,$25.04,Delivered
O01176,2024-08-19,C0067,P020,4,13.35,0.1,48.06,$33.04,Delivered
O01228,2024-08-19,C0075,P024,2,36.36,0.2,58.18,$5.64,Delivered
O01391,2024-08-19,C0027,P004,10,986.74,,9867.4,$15.47,Delivered
O01604,2024-08-19,C0082,P034,2,178.15,0.1,320.67,$42.03,Delivered
O01752,2024-08-19,C0101,P025,1,5.24,0.1,4.72,$24.73,Delivered
O01968,2024-08-19,C0040,P034,3,178.15,0.05,507.73,$13.27,Delivered
O00418,2024-08-20,C0192,P010,1,1001.92,0.15,851.63,$5.55,Delivered
O00550,2024-08-20,C0040,P009,1,739.26,0.05,702.3,$13.55,Shipped
O00979,2024-08-20,C0144,P004,1,986.74,0.05,937.4,$36.20,Delivered
O01946,2024-08-20,C0001,P019,2,25.78,,51.56,$31.78,Delivered
O00392,2024-08-21,C0083,P033,5,372.51,0.2,1490.04,$44.16,Returned
O00862,2024-08-21,C0116,P021,5,11.04,0.0,55.2,$12.67,Delivered
O01147,2024-08-21,C0022,P034,1,178.15,,178.15,$4.28,Delivered
O01216,2024-08-21,C0024,P034,1,178.15,0.0,178.15,$34.47,Delivered
O01961,2024-08-21,C0097,P022,3,11.74,0.1,31.7,$9.90,Delivered
O02271,2024-08-21,C0084,P035,5,483.75,0.05,2297.81,$38.70,Delivered
O01535,2024-08-22,C0176,P007,4,545.77,0.0,2183.08,$17.08,Delivered
O01910,2024-08-22,C0049,P024,3,36.36,0.15,92.72,$12.38,Delivered
O00342,2024-08-23,C0176,P035,2,483.75,,967.5,$41.17,Delivered
O01027,2024-08-23,C0119,P025,1,5.24,0.0,5.24,$4.44,Delivered
O01344,2024-08-23,C0145,P019,1,25.78,0.2,20.62,$9.16,Delivered
O01643,2024-08-23,C0010,P004,3,986.74,0.1,2664.2,$19.24,Delivered
O01759,2024-08-23,C0116,P016,1,513.76,,513.76,$23.64,Shipped
O01969,2024-08-23,C0124,P018,2,610.13,0.2,976.21,$6.10,Delivered
O02067,2024-08-23,C0092,P029,3,584.1,0.0,1752.3,$31.36,Delivered
O02130,2024-08-23,C0161,P032,2,506.4,0.0,1012.8,$29.47,Cancelled
O02354,2024-08-23,C0042,P012,1,896.58,0.0,896.58,$16.06,Cancelled
O01470,2024-08-24,C0126,P016,1,513.76,0.2,411.01,$29.28,Delivered
O01648,2024-08-24,C0044,P011,1,98.09,0.15,83.38,$40.78,Delivered
O02106,2024-08-24,C0072,P019,2,25.78,0.0,51.56,$35.65,Delivered
O02278,2024-08-24,C0079,P005,1,1038.27,0.15,882.53,$19.25,Delivered
O00189,2024-08-25,C0161,P032,1,506.4,0.1,455.76,$4.28,Delivered
O00440,2024-08-25,C0092,P003,1,452.27,,452.27,$13.50,Delivered
O00447,2024-08-25,C0093,P008,1,999.67,0.0,999.67,$23.74,Delivered
O00629,2024-08-25,C0181,P019,1,25.78,0.15,21.91,$26.16,Delivered
O00861,2024-08-25,C0123,P030,3,233.43,0.15,595.25,$43.76,Delivered
O01589,2024-08-25,C0187,P008,2,999.67,0.0,1999.34,$38.44,Shipped
O00579,2024-08-26,C0106,P027,4,33.5,0.1,120.6,$10.23,Delivered
O00756,2024-08-26,C0107,P012,2,896.58,0.0,1793.16,$12.17,Shipped
O00041,2024-08-27,C0037,P023,3,39.29,0.0,117.87,$28.40,Returned
O00432,2024-08-27,C0081,P016,3,513.76,0.2,1233.02,$15.34,Delivered
O00516,2024-08-27,C0137,P002,1,603.39,0.0,603.39,$15.57,Delivered
O00917,2024-08-27,C0050,P024,2,36.36,0.2,58.18,$7.36,Delivered
O01006,2024-08-27,C0142,P030,3,233.43,,700.29,$17.97,Delivered
O01976,2024-08-27,C0087,P011,2,98.09,0.2,156.94,$38.98,Delivered
O02113,2024-08-27,C0174,P013,2,257.23,0.05,488.74,$5.61,Delivered
O00240,2024-08-28,C0039,P027,2,33.5,,67.0,$39.26,Delivered
O01387,2024-08-28,C0073,P003,5,452.27,0.1,2035.22,$9.32,Delivered
O01428,2024-08-28,C0087,P007,10,545.77,0.0,5457.7,$7.02,Returned
O01656,2024-08-28,C0009,P025,2,5.24,0.05,9.96,$44.16,Delivered
O01809,2024-08-28,C0045,P010,1,1001.92,0.2,801.54,$23.36,Delivered
O00679,2024-08-29,C0071,P028,3,10.85,0.1,29.3,$10.64,Delivered
O00836,2024-08-29,C0041,P016,2,513.76,0.0,1027.52,$38.73,Delivered
O00883,2024-08-29,C0063,P013,1,257.23,0.15,218.65,$4.32,Delivered
O02228,2024-08-29,C0018,P034,1,178.15,0.0,178.15,$33.01,Shipped
O02303,2024-08-29,C0004,P005,1,1038.27,0.2,830.62,$38.77,Returned
O00870,2024-08-30,C0123,P020,1,13.35,0.0,13.35,$32.06,Delivered
O01032,2024-08-30,C0137,P014,2,386.46,0.0,772.92,$38.30,Shipped
O02066,2024-08-30,C0129,P015,5,857.48,0.1,3858.66,$4.00,Delivered
O00922,2024-08-31,C0009,P011,5,98.09,0.15,416.88,$41.79,Delivered
O02394,2024-08-31,C0009,P001,1,455.53,0.0,455.53,$22.74,Delivered
O00226,2024-09-01,C0174,P026,2,38.82,0.1,69.88,$29.74,Delivered
O02072,2024-09-01,C0176,P027,1,33.5,0.0,33.5,$12.68,Delivered
O02093,2024-09-01,C0083,P024,4,36.36,0.2,116.35,$33.91,Delivered
O02211,2024-09-01,C0045,P024,2,36.36,0.0,72.72,$13.76,Delivered
O00045,2024-09-02,C0040,P005,2,1038.27,0.0,2076.54,$31.14,Shipped
O00113,2024-09-02,C0185,P017,1,670.34,0.1,603.31,$13.22,Cancelled
O00296,2024-09-02,C0045,P025,1,5.24,0.1,4.72,$9.22,Delivered
O00690,2024-09-02,C0100,P007,2,545.77,0.15,927.81,$23.95,Shipped
O00975,2024-09-02,C0147,P009,2,739.26,,1478.52,$11.62,Delivered
O01104,2024-09-02,C0051,P001,1,455.53,0.0,455.53,$31.81,Cancelled
O01758,2024-09-02,C0167,P031,5,482.84,0.2,1931.36,$15.58,Delivered
O00269,2024-09-03,C0081,P026,1,38.82,0.1,34.94,$13.58,Returned
O00946,2024-09-03,C0175,P025,10,5.24,0.05,49.78,$27.99,Delivered
O01330,2024-09-03,C0049,P003,2,452.27,0.15,768.86,$38.20,Delivered
O01538,2024-09-03,C0183,P022,4,11.74,0.15,39.92,$8.58,Delivered
O00280,2024-09-04,C0045,P023,1,39.29,0.0,39.29,$15.27,Delivered
O00893,2024-09-04,C0013,P002,3,603.39,0.0,1810.17,$37.95,Shipped
O01598,2024-09-04,C0114,P013,2,257.23,,514.46,$44.68,Delivered
O01767,2024-09-04,C0028,P035,4,483.75,0.2,1548.0,$6.09,Delivered
O00198,2024-09-05,C0093,P035,2,483.75,0.0,967.5,$8.48,Delivered
O00576,2024-09-05,C0176,P013,4,257.23,0.1,926.03,$32.23,Shipped
O00940,2024-09-05,C0153,P016,2,513.76,0.2,822.02,$42.92,Delivered
O01021,2024-09-05,C0117,P023,1,39.29,0.0,39.29,$21.02,Delivered
O01555,2024-09-05,C0143,P001,4,455.53,0.0,1822.12,$22.94,Delivered
O01659,2024-09-05,C0160,P017,1,670.34,0.15,569.79,$17.83,Shipped
O00214,2024-09-06,C0036,P012,1,896.58,,896.58,$29.40,Shipped
O00814,2024-09-06,C0016,P034,1,178.15,,178.15,$10.06,Delivered
O00437,2024-09-07,C0121,P010,3,1001.92,0.1,2705.18,$9.49,Delivered
O00474,2024-09-07,C0117,P026,2,38.82,0.1,69.88,$11.18,Delivered
O01420,2024-09-07,C0030,P016,2,513.76,0.2,822.02,$18.84,Delivered
O01710,2024-09-07,C0017,P023,1,39.29,0.1,35.36,$27.36,Returned
O02212,2024-09-07,C0082,P003,1,452.27,0.1,407.04,$43.06,Delivered
O00420,2024-09-08,C0104,P028,1,10.85,0.2,8.68,$31.61,Delivered
O01577,2024-09-08,C0131,P029,1,584.1,0.1,525.69,$35.08,Delivered
O01794,2024-09-09,C0021,P012,1,896.58,0.0,896.58,$4.16,Delivered
O01877,2024-09-09,C0128,P021,2,11.04,0.2,17.66,$34.87,Delivered
O01914,2024-09-09,C0097,P036,10,202.5,0.0,2025.0,$6.73,Shipped
O02251,2024-09-09,C0096,P033,2,372.51,0.0,745.02,$36.75,Returned
O00071,2024-09-10,C0021,P021,2,11.04,0.2,17.66,$10.83,Delivered
O00120,2024-09-10,C0041,P027,3,33.5,,100.5,$23.58,Delivered
O01843,2024-09-10,C0052,P017,1,670.34,0.0,670.34,$30.67,Delivered
O00327,2024-09-11,C0041,P005,1,1038.27,0.0,1038.27,$11.12,Shipped
O01150,2024-09-11,C0112,P001,1,455.53,0.05,432.75,$8.54,Delivered
O01234,2024-09-11,C0103,P027,4,33.5,0.0,134.0,$22.07,Delivered
O01262,2024-09-11,C0058,P033,1,372.51,0.1,335.26,$16.60,Returned
O01871,2024-09-11,C0040,P013,10,257.23,0.0,2572.3,$24.30,Returned
O02332,2024-09-11,C0110,P021,3,11.04,0.05,31.46,$32.58,Delivered
O00209,2024-09-12,C0138,P012,1,896.58,,896.58,$25.64,Delivered
O01318,2024-09-12,C0177,P016,1,513.76,0.0,513.76,$10.83,Delivered
O01746,2024-09-12,C0146,P017,1,670.34,0.0,670.34,$20.19,Shipped
O02038,2024-09-12,C0155,P032,1,506.4,0.0,506.4,$20.63,Delivered
O01294,2024-09-13,C0136,P003,1,452.27,0.0,452.27,$6.85,Delivered
O02060,2024-09-13,C0120,P027,2,33.5,0.0,67.0,$8.21,Cancelled
O02321,2024-09-13,C0140,P016,2,513.76,0.1,924.77,$22.58,Delivered
O00191,2024-09-15,C0167,P009,3,739.26,,2217.78,$16.88,Cancelled
O00547,2024-09-15,C0102,P001,2,455.53,0.0,911.06,$44.73,Delivered
O00876,2024-09-15,C0067,P007,2,545.77,0.0,1091.54,$4.24,Delivered
O01311,2024-09-15,C0141,P006,1,959.76,0.2,767.81,$24.82,Delivered
O02078,2024-09-15,C0167,P009,1,739.26,0.0,739.26,$26.10,Delivered
O02385,2024-09-15,C0061,P016,10,513.76,,5137.6,$5.23,Returned
O02398,2024-09-15,C0058,P019,1,25.78,,25.78,$26.21,Delivered
O00114,2024-09-16,C0077,P019,3,25.78,,77.34,$17.00,Delivered
O00203,2024-09-16,C0037,P023,1,39.29,,39.29,$18.28,Delivered
O00415,2024-09-16,C0125,P003,1,452.27,0.0,452.27,$42.88,Delivered
O00957,2024-09-16,C0093,P003,3,452.27,0.05,1288.97,$4.29,Cancelled
O02393,2024-09-16,C0197,P036,1,202.5,0.15,172.12,$38.11,Delivered
O01922,2024-09-17,C0057,P011,4,98.09,0.2,313.89,$12.33,Delivered
O02108,2024-09-17,C0120,P004,3,986.74,0.15,2516.19,$5.54,Delivered
O00361,2024-09-18,C0003,P020,2,13.35,0.0,26.7,$21.17,Shipped
O00411,2024-09-18,C0055,P022,10,11.74,,117.4,$44.86,Shipped
O00868,2024-09-18,C0110,P006,1,959.76,0.15,815.8,$43.90,Delivered
O01563,2024-09-18,C0154,P018,1,610.13,0.15,518.61,$24.59,Delivered
O01567,2024-09-18,C0163,P002,2,603.39,0.0,1206.78,$28.58,Delivered
O01791,2024-09-18,C0020,P012,4,896.58,0.0,3586.32,$39.41,Delivered
O01908,2024-09-18,C0090,P020,1,13.35,0.15,11.35,$25.22,Delivered
O02000,2024-09-18,C0017,P031,4,482.84,0.2,1545.09,$42.09,Returned
O02329,2024-09-18,C0055,P031,1,482.84,0.05,458.7,$5.80,Delivered
O00174,2024-09-19,C0025,P034,5,178.15,0.05,846.21,$12.67,Shipped
O00572,2024-09-19,C0091,P020,1,13.35,0.1,12.02,$37.29,Delivered
O00798,2024-09-19,C0029,P032,3,506.4,,1519.2,$23.51,Shipped
O01748,2024-09-19,C0059,P003,4,452.27,0.0,1809.08,$7.43,Delivered
O02063,2024-09-19,C0054,P006,1,959.76,0.1,863.78,$36.44,Delivered
O02220,2024-09-19,C0158,P008,10,999.67,0.2,7997.36,$44.40,Delivered
O00020,2024-09-20,C0170,P028,2,10.85,,21.7,$20.98,Delivered
O00898,2024-09-20,C0027,P011,2,98.09,0.05,186.37,$41.35,Delivered
O00915,2024-09-20,C0002,P030,3,233.43,0.05,665.28,$18.36,Delivered
O01644,2024-09-20,C0041,P027,1,33.5,0.0,33.5,$34.42,Shipped
O01929,2024-09-20,C0096,P010,3,1001.92,0.2,2404.61,$10.90,Delivered
O02190,2024-09-20,C0061,P035,2,483.75,0.2,774.0,$23.58,Delivered
O00136,2024-09-21,C0030,P014,3,386.46,,1159.38,$7.73,Delivered
O00408,2024-09-21,C0153,P004,3,986.74,0.1,2664.2,$24.11,Delivered
O00414,2024-09-21,C0073,P002,5,603.39,0.15,2564.41,$25.09,Delivered
O01001,2024-09-21,C0129,P033,1,372.51,0.05,353.88,$8.03,Delivered
O01505,2024-09-21,C0156,P013,2,257.23,0.0,514.46,$16.76,Delivered
O02123,2024-09-21,C0086,P022,5,11.74,0.1,52.83,$9.33,Delivered
O00145,2024-09-22,C0089,P010,3,1001.92,0.0,3005.76,$5.32,Delivered
O00393,2024-09-22,C0196,P016,10,513.76,,5137.6,$37.00,Delivered
O00627,2024-09-22,C0198,P029,1,584.1,0.0,584.1,$4.63,Delivered
O00711,2024-09-22,C0008,P032,1,506.4,,506.4,$28.30,Delivered
O01494,2024-09-22,C0198,P023,3,39.29,0.05,111.98,$29.30,Shipped
O00222,2024-09-23,C0090,P028,1,10.85,0.0,10.85,$36.18,Shipped
O00461,2024-09-23,C0081,P027,3,33.5,0.1,90.45,$14.71,Delivered
O00689,2024-09-23,C0197,P019,1,25.78,0.2,20.62,$31.09,Delivered
O01290,2024-09-23,C0156,P005,2,1038.27,0.2,1661.23,$31.97,Delivered
O01568,2024-09-23,C0006,P021,2,11.04,0.0,22.08,$27.34,Delivered
O02326,2024-09-23,C0135,P029,2,584.1,0.0,1168.2,$21.42,Delivered
O00106,2024-09-24,C0131,P035,2,483.75,0.1,870.75,$23.47,Delivered
O00178,2024-09-24,C0099,P009,3,739.26,0.0,2217.78,$24.53,Cancelled
O00190,2024-09-24,C0159,P025,4,5.24,0.15,17.82,$22.05,Delivered
O00295,2024-09-24,C0112,P032,10,506.4,0.15,4304.4,$13.15,Delivered
O00535,2024-09-24,C0029,P007,4,545.77,0.0,2183.08,$11.32,Delivered
O00641,2024-09-24,C0114,P012,2,896.58,0.2,1434.53,$17.42,Delivered
O01455,2024-09-24,C0087,P003,2,452.27,0.0,904.54,$25.98,Delivered
O01725,2024-09-24,C0075,P007,2,545.77,0.0,1091.54,$24.40,Delivered
O01980,2024-09-24,C0150,P006,10,959.76,0.0,9597.6,$37.68,Delivered
O00804,2024-09-25,C0109,P033,5,372.51,0.1,1676.3,$4.84,Delivered
O01169,2024-09-25,C0140,P022,3,11.74,0.0,35.22,$5.80,Delivered
O01308,2024-09-25,C0200,P026,1,38.82,0.1,34.94,$21.35,Delivered
O01347,2024-09-25,C0131,P004,2,986.74,,1973.48,$9.59,Shipped
O01509,2024-09-25,C0049,P009,1,739.26,0.1,665.33,$9.76,Delivered
O02213,2024-09-25,C0165,P007,1,545.77,0.15,463.9,$11.27,Delivered
O02392,2024-09-25,C0022,P033,3,372.51,,1117.53,$15.33,Delivered
O01465,2024-09-26,C0191,P002,1,603.39,,603.39,$19.44,Delivered
O01730,2024-09-26,C0073,P021,1,11.04,0.05,10.49,$16.01,Delivered
O01819,2024-09-26,C0147,P015,4,857.48,0.05,3258.42,$24.03,Delivered
O00724,2024-09-27,C0147,P002,10,603.39,,6033.9,$35.65,Shipped
O00941,2024-09-27,C0082,P030,1,233.43,0.05,221.76,$41.46,Delivered
O00945,2024-09-27,C0159,P019,1,25.78,,25.78,$15.21,Delivered
O01139,2024-09-27,C0191,P001,3,455.53,0.05,1298.26,$44.76,Delivered
O01320,2024-09-27,C0020,P011,3,98.09,0.0,294.27,$28.35,Cancelled
O01693,2024-09-27,C0190,P015,5,857.48,0.0,4287.4,$30.22,Delivered
O01810,2024-09-27,C0051,P002,2,603.39,0.0,1206.78,$16.44,Returned
O00480,2024-09-28,C0088,P005,2,1038.27,0.0,2076.54,$23.54,Delivered
O01035,2024-09-28,C0008,P001,3,455.53,0.05,1298.26,$43.31,Delivered
O01168,2024-09-28,C0168,P013,1,257.23,,257.23,$41.95,Delivered
O01488,2024-09-28,C0060,P014,1,386.46,0.0,386.46,$9.88,Delivered
O01943,2024-09-28,C0006,P033,1,372.51,0.0,372.51,$23.23,Shipped
O02118,2024-09-28,C0187,P019,4,25.78,0.0,103.12,$43.38,Returned
O00891,2024-09-29,C0042,P014,3,386.46,0.0,1159.38,$11.10,Delivered
O01776,2024-09-29,C0121,P018,3,610.13,0.05,1738.87,$44.02,Delivered
O01881,2024-09-29,C0116,P014,3,386.46,0.0,1159.38,$42.36,Delivered
O02290,2024-09-29,C0113,P017,4,670.34,0.2,2145.09,$21.91,Delivered
O00111,2024-09-30,C0121,P004,2,986.74,,1973.48,$25.54,Delivered
O00193,2024-09-30,C0084,P025,1,5.24,0.05,4.98,$28.28,Delivered
O01646,2024-09-30,C0096,P017,2,670.34,0.0,1340.68,$36.11,Delivered
O02140,2024-09-30,C0050,P012,5,896.58,0.0,4482.9,$11.58,Delivered
O02314,2024-09-30,C0128,P018,3,610.13,0.2,1464.31,$26.95,Delivered
O00588,2024-10-01,C0011,P016,2,513.76,0.2,822.02,$44.34,Delivered
O01106,2024-10-01,C0046,P004,1,986.74,0.15,838.73,$28.33,Cancelled
O01233,2024-10-01,C0066,P029,1,584.1,,584.1,$5.62,Shipped
O01345,2024-10-01,C0119,P034,1,178.15,0.0,178.15,$17.67,Delivered
O01373,2024-10-01,C0026,P008,2,999.67,0.0,1999.34,$13.18,Returned
O00597,2024-10-02,C0079,P020,1,13.35,0.0,13.35,$8.82,Delivered
O01136,2024-10-02,C0020,P016,5,513.76,0.0,2568.8,$27.59,Delivered
O00543,2024-10-03,C0173,P030,1,233.43,0.0,233.43,$26.55,Delivered
O00698,2024-10-03,C0057,P005,4,1038.27,0.2,3322.46,$17.83,Shipped
O00728,2024-10-03,C0173,P024,5,36.36,0.0,181.8,$19.70,Delivered
O01100,2024-10-03,C0077,P011,10,98.09,0.2,784.72,$17.83,Delivered
O01909,2024-10-03,C0068,P028,2,10.85,0.0,21.7,$36.89,Delivered
O00115,2024-10-04,C0185,P018,2,610.13,0.2,976.21,$37.55,Returned
O00606,2024-10-04,C0135,P027,2,33.5,0.05,63.65,$29.09,Delivered
O01528,2024-10-04,C0181,P016,3,513.76,0.0,1541.28,$19.89,Delivered
O01551,2024-10-04,C0048,P018,1,610.13,0.0,610.13,$31.81,Delivered
O00175,2024-10-05,C0146,P031,3,482.84,0.1,1303.67,$40.87,Delivered
O00435,2024-10-05,C0188,P005,4,1038.27,0.0,4153.08,$37.32,Delivered
O02206,2024-10-05,C0125,P019,4,25.78,0.05,97.96,$4.31,Delivered
O00048,2024-10-06,C0193,P029,1,584.1,0.05,554.9,$16.69,Shipped
O00384,2024-10-06,C0197,P031,3,482.84,0.15,1231.24,$33.35,Delivered
O00552,2024-10-06,C0177,P007,2,545.77,0.1,982.39,$5.53,Shipped
O00594,2024-10-06,C0030,P029,2,584.1,0.0,1168.2,$25.48,Delivered
O00719,2024-10-06,C0122,P030,3,233.43,0.05,665.28,$14.16,Delivered
O01605,2024-10-06,C0173,P010,1,1001.92,0.0,1001.92,$38.95,Delivered
O01630,2024-10-06,C0148,P010,1,1001.92,0.0,1001.92,$12.45,Delivered
O01707,2024-10-06,C0059,P023,2,39.29,0.05,74.65,$23.08,Delivered
O01882,2024-10-06,C0129,P012,2,896.58,0.2,1434.53,$36.85,Delivered
O01900,2024-10-06,C0096,P026,2,38.82,0.05,73.76,$34.69,Delivered
O02051,2024-10-06,C0134,P017,3,670.34,0.1,1809.92,$34.60,Delivered
O02333,2024-10-06,C0146,P027,3,33.5,,100.5,$40.76,Returned
O02367,2024-10-06,C0074,P030,1,233.43,0.0,233.43,$8.57,Returned
O01097,2024-10-07,C0177,P008,2,999.67,0.05,1899.37,$24.30,Delivered
O01143,2024-10-07,C0139,P008,1,999.67,0.0,999.67,$34.26,Delivered
O01829,2024-10-07,C0051,P030,1,233.43,0.0,233.43,$9.08,Shipped
O01835,2024-10-07,C0018,P032,2,506.4,0.2,810.24,$32.48,Delivered
O01898,2024-10-07,C0193,P027,4,33.5,0.15,113.9,$42.44,Shipped
O02027,2024-10-07,C0155,P007,1,545.77,0.15,463.9,$17.05,Delivered
O02132,2024-10-07,C0200,P013,1,257.23,0.05,244.37,$23.55,Delivered
O02292,2024-10-07,C0069,P026,2,38.82,0.0,77.64,$16.73,Delivered
O00307,2024-10-08,C0105,P036,1,202.5,0.1,182.25,$16.19,Delivered
O01057,2024-10-08,C0098,P030,2,233.43,,466.86,$6.95,Delivered
O01135,2024-10-08,C0059,P020,1,13.35,0.15,11.35,$38.66,Delivered
O01904,2024-10-08,C0088,P020,4,13.35,0.15,45.39,$41.69,Shipped
O00021,2024-10-09,C0132,P008,3,999.67,,2999.01,$25.60,Delivered
O00630,2024-10-09,C0008,P031,5,482.84,0.0,2414.2,$8.34,Delivered
O00843,2024-10-09,C0049,P018,1,610.13,0.05,579.62,$28.60,Cancelled
O01448,2024-10-09,C0090,P031,2,482.84,0.0,965.68,$39.99,Shipped
O01634,2024-10-09,C0032,P025,1,5.24,0.05,4.98,$19.60,Delivered
O00162,2024-10-10,C0185,P027,1,33.5,0.05,31.82,$17.52,Delivered
O00224,2024-10-10,C0132,P007,1,545.77,0.2,436.62,$41.67,Cancelled
O00289,2024-10-10,C0152,P002,2,603.39,0.0,1206.78,$27.09,Delivered
O00478,2024-10-10,C0098,P015,3,857.48,0.05,2443.82,$36.81,Delivered
O00783,2024-10-10,C0093,P019,1,25.78,0.0,25.78,$19.78,Delivered
O01339,2024-10-10,C0149,P009,1,739.26,0.05,702.3,$16.34,Delivered
O01939,2024-10-10,C0190,P012,2,896.58,0.0,1793.16,$13.69,Shipped
O00220,2024-10-11,C0168,P016,1,513.76,0.0,513.76,$22.44,Delivered
O00723,2024-10-11,C0076,P016,2,513.76,0.1,924.77,$10.63,Delivered
O01711,2024-10-11,C0187,P002,3,603.39,0.0,1810.17,$44.43,Delivered
O02341,2024-10-11,C0032,P009,1,739.26,,739.26,$44.78,Delivered
O00850,2024-10-12,C0087,P030,1,233.43,0.15,198.42,$33.12,Delivered
O01031,2024-10-12,C0020,P001,1,455.53,0.05,432.75,$33.29,Shipped
O01045,2024-10-12,C0194,P016,1,513.76,0.1,462.38,$12.28,Delivered
O01120,2024-10-12,C0035,P036,1,202.5,0.15,172.12,$15.37,Delivered
O01198,2024-10-12,C0160,P019,1,25.78,0.0,25.78,$15.11,Delivered
O01295,2024-10-12,C0107,P020,2,13.35,0.15,22.7,$24.25,Delivered
O01342,2024-10-12,C0108,P027,2,33.5,0.0,67.0,$43.26,Delivered
O00538,2024-10-13,C0004,P014,3,386.46,0.0,1159.38,$23.19,Delivered
O00735,2024-10-13,C0028,P011,2,98.09,0.05,186.37,$25.35,Delivered
O00995,2024-10-13,C0135,P031,1,482.84,0.2,386.27,$30.16,Delivered
O01616,2024-10-13,C0084,P027,4,33.5,0.0,134.0,$28.18,Delivered
O01620,2024-10-13,C0118,P024,1,36.36,0.1,32.72,$14.47,Delivered
O01853,2024-10-13,C0009,P008,5,999.67,0.05,4748.43,$8.93,Delivered
O01965,2024-10-13,C0010,P017,1,670.34,0.0,670.34,$41.92,Delivered
O02356,2024-10-13,C0157,P005,1,1038.27,0.0,1038.27,$7.24,Delivered
O01029,2024-10-14,C0141,P016,2,513.76,0.1,924.77,$38.50,Delivered
O01038,2024-10-14,C0055,P007,1,545.77,0.0,545.77,$4.61,Delivered
O01256,2024-10-14,C0142,P011,2,98.09,0.2,156.94,$15.69,Delivered
O01287,2024-10-14,C0110,P012,3,896.58,0.15,2286.28,$9.95,Delivered
O01504,2024-10-14,C0129,P010,3,1001.92,0.0,3005.76,$11.08,Delivered
O01834,2024-10-14,C0194,P024,10,36.36,0.15,309.06,$7.33,Delivered
O00101,2024-10-15,C0093,P036,2,202.5,0.1,364.5,$37.84,Delivered
O00619,2024-10-15,C0193,P020,1,13.35,0.2,10.68,$7.56,Shipped
O00635,2024-10-15,C0085,P021,2,11.04,0.15,18.77,$23.62,Shipped
O01046,2024-10-15,C0165,P003,1,452.27,,452.27,$34.31,Delivered
O01053,2024-10-15,C0064,P020,2,13.35,0.1,24.03,$39.36,Delivered
O01122,2024-10-15,C0066,P028,5,10.85,0.0,54.25,$25.97,Delivered
O01301,2024-10-15,C0031,P009,2,739.26,0.2,1182.82,$30.11,Delivered
O01642,2024-10-15,C0046,P001,1,455.53,0.0,455.53,$9.75,Delivered
O01784,2024-10-15,C0014,P016,3,513.76,0.1,1387.15,$22.41,Delivered
O00746,2024-10-16,C0194,P010,3,1001.92,,3005.76,$17.89,Delivered
O01109,2024-10-16,C0167,P025,1,5.24,0.0,5.24,$8.78,Delivered
O01246,2024-10-16,C0088,P020,1,13.35,0.15,11.35,$42.62,Delivered
O01248,2024-10-16,C0153,P013,1,257.23,0.0,257.23,$17.27,Cancelled
O01437,2024-10-16,C0044,P002,5,603.39,0.05,2866.1,$4.27,Shipped
O01889,2024-10-16,C0122,P003,2,452.27,0.0,904.54,$7.58,Shipped
O01934,2024-10-16,C0067,P031,1,482.84,0.05,458.7,$39.00,Delivered
O01525,2024-10-17,C0045,P020,4,13.35,0.2,42.72,$7.70,Delivered
O00255,2024-10-18,C0135,P005,2,1038.27,,2076.54,$22.66,Delivered
O00391,2024-10-18,C0131,P012,4,896.58,0.0,3586.32,$19.88,Delivered
O01650,2024-10-18,C0164,P001,1,455.53,,455.53,$40.88,Delivered
O01953,2024-10-18,C0103,P030,1,233.43,0.0,233.43,$21.05,Delivered
O01379,2024-10-19,C0157,P003,2,452.27,0.0,904.54,$40.39,Delivered
O01394,2024-10-19,C0009,P018,1,610.13,0.2,488.1,$16.32,Cancelled
O01979,2024-10-19,C0180,P023,1,39.29,0.1,35.36,$17.54,Delivered
O02016,2024-10-19,C0194,P028,1,10.85,0.2,8.68,$12.71,Delivered
O02327,2024-10-19,C0017,P006,4,959.76,0.05,3647.09,$18.67,Delivered
O00651,2024-10-20,C0005,P010,2,1001.92,0.0,2003.84,$7.47,Delivered
O01782,2024-10-20,C0127,P002,2,603.39,0.2,965.42,$44.66,Delivered
O02068,2024-10-20,C0041,P015,3,857.48,0.0,2572.44,$12.03,Delivered
O02180,2024-10-20,C0139,P010,1,1001.92,0.0,1001.92,$11.40,Delivered
O00139,2024-10-21,C0012,P028,10,10.85,0.0,108.5,$44.43,Delivered
O00254,2024-10-21,C0069,P008,3,999.67,0.0,2999.01,$17.74,Delivered
O00382,2024-10-21,C0001,P006,3,959.76,0.1,2591.35,$40.49,Delivered
O00431,2024-10-21,C0169,P020,2,13.35,0.15,22.7,$43.31,Delivered
O01133,2024-10-21,C0014,P024,2,36.36,,72.72,$11.51,Cancelled
O01822,2024-10-21,C0050,P018,3,610.13,0.15,1555.83,$38.76,Delivered
O00160,2024-10-22,C0185,P031,3,482.84,0.15,1231.24,$41.49,Delivered
O00278,2024-10-22,C0033,P006,5,959.76,0.15,4078.98,$9.02,Returned
O00741,2024-10-22,C0043,P011,10,98.09,0.0,980.9,$10.61,Delivered
O00933,2024-10-22,C0193,P031,3,482.84,0.0,1448.52,$43.46,Delivered
O01052,2024-10-22,C0186,P030,1,233.43,0.05,221.76,$14.04,Delivered
O01172,2024-10-22,C0034,P019,1,25.78,0.0,25.78,$36.57,Delivered
O01222,2024-10-22,C0012,P004,1,986.74,0.1,888.07,$4.35,Delivered
O01807,2024-10-22,C0193,P025,1,5.24,0.15,4.45,$19.64,Shipped
O01874,2024-10-22,C0199,P005,1,1038.27,,1038.27,$42.99,Delivered
O02383,2024-10-22,C0036,P017,1,670.34,0.2,536.27,$33.13,Delivered
O02386,2024-10-22,C0041,P014,10,386.46,0.0,3864.6,$33.18,Delivered
O00070,2024-10-23,C0021,P028,2,10.85,0.0,21.7,$26.36,Delivered
O00246,2024-10-23,C0196,P031,10,482.84,0.0,4828.4,$4.68,Delivered
O00541,2024-10-23,C0025,P007,1,545.77,0.05,518.48,$27.37,Returned
O00809,2024-10-23,C0152,P022,2,11.74,0.2,18.78,$12.60,Delivered
O01071,2024-10-23,C0096,P012,1,896.58,0.0,896.58,$22.48,Shipped
O01964,2024-10-23,C0110,P036,2,202.5,0.05,384.75,$4.02,Delivered
O01995,2024-10-23,C0072,P013,3,257.23,0.15,655.94,$33.17,Shipped
O02365,2024-10-23,C0132,P012,2,896.58,0.05,1703.5,$24.64,Shipped
O00429,2024-10-25,C0026,P013,1,257.23,0.0,257.23,$31.52,Delivered
O00656,2024-10-25,C0021,P010,3,1001.92,0.1,2705.18,$23.06,Delivered
O00908,2024-10-25,C0089,P001,4,455.53,0.0,1822.12,$32.71,Delivered
O00962,2024-10-25,C0001,P028,2,10.85,0.0,21.7,$39.01,Delivered
O00155,2024-10-26,C0049,P004,2,986.74,0.0,1973.48,$11.71,Delivered
O01126,2024-10-26,C0085,P006,1,959.76,0.15,815.8,$35.90,Delivered
O01816,2024-10-26,C0017,P002,2,603.39,0.2,965.42,$14.09,Returned
O02059,2024-10-26,C0144,P002,5,603.39,0.05,2866.1,$20.84,Delivered
O02122,2024-10-26,C0044,P011,5,98.09,0.0,490.45,$7.01,Delivered
O00108,2024-10-27,C0168,P015,3,857.48,,2572.44,$10.99,Delivered
O01209,2024-10-27,C0179,P010,10,1001.92,0.15,8516.32,$6.22,Delivered
O01221,2024-10-27,C0142,P013,1,257.23,0.0,257.23,$27.11,Delivered
O01438,2024-10-27,C0007,P024,1,36.36,0.2,29.09,$34.02,Delivered
O00225,2024-10-28,C0168,P009,1,739.26,0.15,628.37,$37.97,Delivered
O00830,2024-10-28,C0066,P020,1,13.35,0.05,12.68,$16.19,Shipped
O00912,2024-10-28,C0041,P002,1,603.39,0.1,543.05,$13.89,Delivered
O01119,2024-10-28,C0177,P007,1,545.77,0.0,545.77,$16.29,Shipped
O01376,2024-10-28,C0179,P008,2,999.67,0.1,1799.41,$30.78,Delivered
O01676,2024-10-28,C0032,P035,3,483.75,,1451.25,$10.30,Shipped
O00533,2024-10-29,C0094,P016,10,513.76,0.2,4110.08,$11.78,Delivered
O00570,2024-10-29,C0023,P012,1,896.58,,896.58,$26.99,Delivered
O00609,2024-10-29,C0128,P034,4,178.15,0.05,676.97,$33.05,Cancelled
O01516,2024-10-29,C0097,P003,1,452.27,0.0,452.27,$29.81,Shipped
O01740,2024-10-29,C0064,P017,5,670.34,0.2,2681.36,$31.90,Delivered
O02262,2024-10-29,C0170,P034,3,178.15,0.05,507.73,$12.12,Delivered
O00863,2024-10-30,C0165,P019,1,25.78,0.2,20.62,$7.79,Delivered
O01237,2024-10-30,C0040,P007,1,545.77,0.0,545.77,$13.15,Shipped
O01459,2024-10-30,C0184,P015,1,857.48,0.2,685.98,$12.84,Delivered
O02026,2024-10-30,C0073,P021,1,11.04,0.0,11.04,$39.65,Returned
O02373,2024-10-30,C0066,P022,1,11.74,0.05,11.15,$17.32,Delivered
O01660,2024-10-31,C0066,P022,4,11.74,,46.96,$35.65,Delivered
O02061,2024-10-31,C0141,P029,1,584.1,0.15,496.48,$7.97,Delivered
O02075,2024-10-31,C0157,P029,1,584.1,0.0,584.1,$12.05,Delivered
O02311,2024-10-31,C0130,P024,1,36.36,0.0,36.36,$14.64,Delivered
O00556,2024-11-01,C0013,P026,10,38.82,0.0,388.2,$13.11,Delivered
O01082,2024-11-01,C0012,P021,3,11.04,0.05,31.46,$28.88,Delivered
O01213,2024-11-01,C0114,P001,5,455.53,0.0,2277.65,$28.77,Delivered
O01519,2024-11-01,C0152,P028,1,10.85,0.15,9.22,$28.64,Delivered
O01945,2024-11-01,C0182,P008,2,999.67,0.0,1999.34,$6.75,Delivered
O00321,2024-11-02,C0089,P027,2,33.5,,67.0,$5.54,Delivered
O00325,2024-11-02,C0114,P021,2,11.04,0.05,20.98,$22.11,Returned
O00673,2024-11-02,C0119,P016,1,513.76,0.15,436.7,$31.79,Cancelled
O00921,2024-11-02,C0033,P032,3,506.4,0.0,1519.2,$32.47,Delivered
O01798,2024-11-02,C0020,P013,1,257.23,0.15,218.65,$35.01,Delivered
O00173,2024-11-03,C0164,P001,4,455.53,0.15,1548.8,$27.20,Shipped
O00324,2024-11-03,C0179,P007,10,545.77,0.05,5184.81,$9.51,Cancelled
O00529,2024-11-03,C0097,P023,1,39.29,,39.29,$26.92,Delivered
O00663,2024-11-03,C0034,P018,3,610.13,0.0,1830.39,$41.32,Delivered
O00774,2024-11-03,C0194,P028,1,10.85,0.0,10.85,$5.34,Delivered
O00942,2024-11-03,C0142,P007,1,545.77,0.0,545.77,$16.49,Delivered
O02009,2024-11-03,C0110,P014,3,386.46,0.1,1043.44,$16.69,Delivered
O00787,2024-11-04,C0178,P007,1,545.77,0.15,463.9,$43.98,Delivered
O00920,2024-11-04,C0177,P032,3,506.4,0.2,1215.36,$37.78,Delivered
O01002,2024-11-04,C0010,P035,1,483.75,0.05,459.56,$31.68,Delivered
O00992,2024-11-05,C0039,P021,1,11.04,0.1,9.94,$39.79,Shipped
O01070,2024-11-05,C0179,P027,2,33.5,0.1,60.3,$34.05,Delivered
O01640,2024-11-05,C0167,P020,1,13.35,0.0,13.35,$30.67,Shipped
O01842,2024-11-05,C0191,P019,1,25.78,0.15,21.91,$24.95,Delivered
O01989,2024-11-05,C0172,P036,3,202.5,,607.5,$30.90,Delivered
O00506,2024-11-06,C0122,P030,10,233.43,0.1,2100.87,$26.49,Delivered
O00519,2024-11-06,C0038,P004,2,986.74,0.0,1973.48,$11.88,Shipped
O01299,2024-11-06,C0002,P004,1,986.74,0.1,888.07,$7.08,Delivered
O01511,2024-11-06,C0179,P029,2,584.1,0.15,992.97,$35.67,Delivered
O01773,2024-11-06,C0092,P013,1,257.23,0.0,257.23,$18.88,Returned
O00784,2024-11-07,C0189,P020,3,13.35,,40.05,$13.26,Delivered
O00853,2024-11-07,C0043,P021,10,11.04,,110.4,$6.18,Delivered
O01099,2024-11-07,C0188,P015,4,857.48,0.0,3429.92,$39.13,Delivered
O01825,2024-11-07,C0153,P008,5,999.67,0.1,4498.51,$14.18,Delivered
O01861,2024-11-07,C0060,P004,1,986.74,,986.74,$26.33,Delivered
O00119,2024-11-08,C0106,P022,3,11.74,0.0,35.22,$43.55,Cancelled
O00608,2024-11-08,C0067,P034,2,178.15,0.15,302.86,$42.01,Delivered
O00737,2024-11-08,C0189,P002,4,603.39,0.05,2292.88,$38.23,Delivered
O01585,2024-11-08,C0038,P001,3,455.53,0.2,1093.27,$23.56,Returned
O02382,2024-11-08,C0124,P009,4,739.26,0.0,2957.04,$15.24,Delivered
O00539,2024-11-09,C0093,P036,4,202.5,0.0,810.0,$37.77,Delivered
O00947,2024-11-09,C0012,P011,1,98.09,0.2,78.47,$32.64,Shipped
O01012,2024-11-09,C0146,P029,2,584.1,0.1,1051.38,$7.82,Delivered
O01434,2024-11-09,C0158,P021,1,11.04,0.1,9.94,$10.79,Delivered
O00076,2024-11-10,C0196,P005,2,1038.27,0.15,1765.06,$20.32,Delivered
O00121,2024-11-10,C0074,P021,3,11.04,0.05,31.46,$25.94,Delivered
O00320,2024-11-10,C0146,P007,5,545.77,0.0,2728.85,$36.22,Shipped
O00744,2024-11-10,C0007,P026,5,38.82,0.0,194.1,$42.86,Returned
O01543,2024-11-10,C0115,P021,1,11.04,0.0,11.04,$25.78,Delivered
O01579,2024-11-10,C0124,P014,3,386.46,,1159.38,$40.87,Delivered
O01715,2024-11-10,C0187,P011,2,98.09,0.0,196.18,$38.27,Delivered
O00404,2024-11-11,C0114,P015,5,857.48,0.15,3644.29,$34.96,Delivered
O00578,2024-11-11,C0185,P008,1,999.67,0.0,999.67,$33.81,Delivered
O00951,2024-11-11,C0166,P001,1,455.53,0.0,455.53,$20.94,Shipped
O01016,2024-11-11,C0034,P035,2,483.75,0.0,967.5,$19.95,Returned
O00057,2024-11-12,C0021,P002,2,603.39,0.2,965.42,$8.56,Delivered
O00472,2024-11-12,C0151,P013,2,257.23,0.0,514.46,$41.69,Delivered
O01447,2024-11-12,C0143,P014,3,386.46,0.2,927.5,$29.87,Delivered
O01565,2024-11-12,C0041,P012,4,896.58,,3586.32,$30.90,Delivered
O01653,2024-11-12,C0169,P006,1,959.76,0.0,959.76,$14.24,Delivered
O01959,2024-11-12,C0160,P021,2,11.04,0.0,22.08,$40.22,Delivered
O02390,2024-11-12,C0141,P006,4,959.76,0.05,3647.09,$19.28,Delivered
O00380,2024-11-13,C0118,P029,4,584.1,,2336.4,$7.61,Delivered
O01219,2024-11-13,C0109,P013,1,257.23,0.15,218.65,$5.15,Delivered
O01848,2024-11-13,C0185,P025,3,5.24,,15.72,$44.35,Delivered
O00047,2024-11-14,C0198,P011,1,98.09,0.05,93.19,$43.75,Delivered
O00536,2024-11-14,C0028,P032,1,506.4,0.0,506.4,$27.41,Shipped
O00952,2024-11-14,C0181,P032,3,506.4,0.0,1519.2,$36.28,Delivered
O01445,2024-11-14,C0057,P013,4,257.23,,1028.92,$15.59,Delivered
O01647,2024-11-14,C0121,P003,2,452.27,0.2,723.63,$35.26,Delivered
O02097,2024-11-14,C0143,P034,3,178.15,0.0,534.45,$26.45,Delivered
O02178,2024-11-14,C0031,P030,2,233.43,0.0,466.86,$20.51,Returned
O02194,2024-11-14,C0127,P003,3,452.27,0.15,1153.29,$31.94,Delivered
O02243,2024-11-14,C0147,P022,4,11.74,,46.96,$29.06,Delivered
O02378,2024-11-14,C0137,P014,4,386.46,0.15,1313.96,$32.23,Delivered
O00129,2024-11-15,C0064,P001,3,455.53,0.15,1161.6,$16.38,Delivered
O00509,2024-11-15,C0094,P027,1,33.5,0.0,33.5,$18.10,Delivered
O01148,2024-11-15,C0065,P015,2,857.48,0.15,1457.72,$16.27,Delivered
O00236,2024-11-16,C0114,P001,1,455.53,0.15,387.2,$37.50,Cancelled
O00565,2024-11-16,C0085,P014,2,386.46,0.1,695.63,$26.50,Delivered
O00895,2024-11-16,C0058,P032,1,506.4,0.0,506.4,$35.57,Delivered
O00966,2024-11-16,C0085,P020,1,13.35,0.0,13.35,$5.14,Delivered
O01124,2024-11-16,C0131,P011,2,98.09,0.0,196.18,$16.97,Delivered
O01317,2024-11-16,C0074,P019,2,25.78,,51.56,$34.30,Shipped
O01461,2024-11-16,C0011,P011,2,98.09,0.05,186.37,$5.38,Delivered
O01550,2024-11-16,C0147,P031,1,482.84,0.2,386.27,$15.27,Delivered
O02084,2024-11-16,C0177,P002,4,603.39,0.0,2413.56,$7.43,Delivered
O00712,2024-11-17,C0051,P021,1,11.04,0.0,11.04,$17.37,Delivered
O00914,2024-11-17,C0032,P004,3,986.74,0.0,2960.22,$22.40,Delivered
O01069,2024-11-17,C0054,P026,1,38.82,,38.82,$4.06,Delivered
O01268,2024-11-17,C0083,P014,1,386.46,0.0,386.46,$21.93,Delivered
O01592,2024-11-17,C0146,P034,1,178.15,0.1,160.34,$36.69,Delivered
O02031,2024-11-17,C0024,P022,1,11.74,0.0,11.74,$8.38,Delivered
O02188,2024-11-17,C0142,P005,2,1038.27,0.1,1868.89,$18.22,Delivered
O00003,2024-11-18,C0135,P008,3,999.67,0.0,2999.01,$22.53,Delivered
O00099,2024-11-18,C0168,P031,1,482.84,0.0,482.84,$40.18,Delivered
O01684,2024-11-18,C0171,P025,1,5.24,0.0,5.24,$28.20,Delivered
O02209,2024-11-18,C0149,P016,4,513.76,0.05,1952.29,$20.18,Delivered
O00264,2024-11-19,C0007,P015,2,857.48,0.0,1714.96,$42.99,Delivered
O00823,2024-11-19,C0199,P034,1,178.15,0.0,178.15,$35.70,Delivered
O01154,2024-11-19,C0006,P009,1,739.26,0.0,739.26,$35.46,Delivered
O01410,2024-11-19,C0061,P023,1,39.29,,39.29,$8.64,Delivered
O01441,2024-11-19,C0091,P006,1,959.76,0.0,959.76,$24.79,Delivered
O01537,2024-11-19,C0109,P017,4,670.34,,2681.36,$24.58,Delivered
O00170,2024-11-20,C0039,P016,1,513.76,0.1,462.38,$37.42,Delivered
O00476,2024-11-20,C0148,P017,3,670.34,0.2,1608.82,$27.09,Delivered
O01418,2024-11-20,C0014,P031,3,482.84,,1448.52,$16.99,Delivered
O01680,2024-11-20,C0127,P028,2,10.85,0.0,21.7,$39.47,Delivered
O02258,2024-11-20,C0038,P026,1,38.82,0.0,38.82,$34.00,Delivered
O00235,2024-11-21,C0110,P006,2,959.76,0.0,1919.52,$28.34,Delivered
O00331,2024-11-21,C0042,P017,1,670.34,0.2,536.27,$6.04,Shipped
O01762,2024-11-21,C0011,P030,2,233.43,0.05,443.52,$44.49,Delivered
O01883,2024-11-21,C0186,P004,2,986.74,0.0,1973.48,$40.99,Delivered
O02045,2024-11-21,C0112,P004,1,986.74,0.0,986.74,$34.68,Delivered
O02227,2024-11-21,C0106,P010,4,1001.92,0.0,4007.68,$41.69,Delivered
O02279,2024-11-21,C0045,P016,1,513.76,0.1,462.38,$22.93,Delivered
O01041,2024-11-22,C0138,P011,1,98.09,0.2,78.47,$31.79,Cancelled
O01068,2024-11-22,C0187,P006,1,959.76,0.15,815.8,$37.38,Delivered
O01944,2024-11-22,C0062,P024,2,36.36,0.1,65.45,$22.96,Delivered
O00001,2024-11-23,C0034,P035,3,483.75,0.0,1451.25,$9.40,Delivered
O00399,2024-11-23,C0052,P018,1,610.13,0.1,549.12,$10.00,Delivered
O00934,2024-11-23,C0053,P016,4,513.76,,2055.04,$7.47,Delivered
O01224,2024-11-23,C0025,P022,2,11.74,0.0,23.48,$24.59,Delivered
O01552,2024-11-23,C0105,P014,1,386.46,0.2,309.17,$30.95,Delivered
O01637,2024-11-23,C0155,P023,1,39.29,0.0,39.29,$36.79,Delivered
O01785,2024-11-23,C0011,P018,2,610.13,0.0,1220.26,$17.65,Delivered
O02131,2024-11-23,C0068,P019,1,25.78,0.0,25.78,$36.55,Cancelled
O00095,2024-11-24,C0069,P029,1,584.1,0.2,467.28,$39.43,Delivered
O00098,2024-11-24,C0056,P023,1,39.29,0.1,35.36,$24.29,Shipped
O00648,2024-11-24,C0061,P028,3,10.85,0.2,26.04,$29.63,Delivered
O01117,2024-11-24,C0109,P001,5,455.53,0.1,2049.88,$31.03,Delivered
O01349,2024-11-24,C0125,P013,2,257.23,0.0,514.46,$25.31,Delivered
O01350,2024-11-24,C0027,P031,1,482.84,,482.84,$20.02,Returned
O01374,2024-11-24,C0065,P025,3,5.24,0.0,15.72,$39.77,Delivered
O01474,2024-11-24,C0190,P006,5,959.76,0.2,3839.04,$32.67,Delivered
O01899,2024-11-24,C0105,P004,1,986.74,0.2,789.39,$5.13,Delivered
O02056,2024-11-24,C0179,P018,2,610.13,0.2,976.21,$31.46,Cancelled
O00067,2024-11-25,C0065,P003,1,452.27,0.0,452.27,$39.50,Delivered
O00147,2024-11-25,C0154,P004,2,986.74,0.05,1874.81,$34.93,Delivered
O00386,2024-11-25,C0028,P003,5,452.27,,2261.35,$9.76,Delivered
O02346,2024-11-25,C0149,P017,1,670.34,0.1,603.31,$41.74,Cancelled
O00092,2024-11-26,C0176,P026,1,38.82,0.0,38.82,$32.23,Delivered
O00241,2024-11-26,C0026,P009,1,739.26,0.2,591.41,$16.89,Delivered
O01107,2024-11-26,C0161,P026,1,38.82,0.1,34.94,$32.21,Returned
O01625,2024-11-26,C0167,P013,2,257.23,0.1,463.01,$23.09,Shipped
O00439,2024-11-27,C0158,P011,1,98.09,0.0,98.09,$34.17,Delivered
O00792,2024-11-27,C0128,P002,10,603.39,0.2,4827.12,$28.79,Delivered
O01701,2024-11-27,C0178,P015,2,857.48,0.05,1629.21,$9.96,Delivered
O02114,2024-11-27,C0009,P005,10,1038.27,,10382.7,$35.09,Delivered
O02231,2024-11-27,C0024,P034,1,178.15,,178.15,$18.15,Delivered
O02301,2024-11-27,C0147,P018,3,610.13,0.2,1464.31,$11.50,Delivered
O00184,2024-11-28,C0111,P029,2,584.1,0.2,934.56,$8.24,Delivered
O00581,2024-11-28,C0153,P015,1,857.48,,857.48,$9.50,Shipped
O01478,2024-11-28,C0096,P011,1,98.09,0.05,93.19,$36.92,Returned
O01600,2024-11-28,C0137,P016,1,513.76,0.1,462.38,$29.66,Delivered
O01926,2024-11-28,C0021,P027,3,33.5,,100.5,$10.17,Shipped
O02023,2024-11-28,C0164,P021,2,11.04,0.0,22.08,$39.20,Delivered
O02224,2024-11-28,C0189,P012,3,896.58,0.1,2420.77,$16.43,Shipped
O00808,2024-11-29,C0147,P026,4,38.82,0.0,155.28,$33.43,Delivered
O01174,2024-11-29,C0099,P036,3,202.5,0.2,486.0,$28.90,Delivered
O01655,2024-11-29,C0148,P018,2,610.13,0.0,1220.26,$27.75,Returned
O01738,2024-11-29,C0177,P008,5,999.67,0.0,4998.35,$41.08,Delivered
O00657,2024-11-30,C0157,P006,3,959.76,0.0,2879.28,$32.05,Delivered
O00705,2024-11-30,C0116,P027,3,33.5,0.0,100.5,$33.41,Delivered
O01025,2024-11-30,C0095,P005,3,1038.27,0.2,2491.85,$22.49,Delivered
O01765,2024-11-30,C0136,P014,2,386.46,0.15,656.98,$40.91,Delivered
O01903,2024-11-30,C0181,P010,1,1001.92,0.1,901.73,$23.04,Shipped
O02216,2024-11-30,C0085,P036,4,202.5,0.2,648.0,$21.06,Returned
O00421,2024-12-01,C0165,P005,3,1038.27,0.0,3114.81,$18.67,Delivered
O01076,2024-12-01,C0002,P025,2,5.24,0.1,9.43,$42.22,Delivered
O01566,2024-12-01,C0026,P025,2,5.24,0.2,8.38,$43.94,Delivered
O01243,2024-12-02,C0055,P004,3,986.74,0.2,2368.18,$15.06,Delivered
O01264,2024-12-02,C0133,P021,1,11.04,0.2,8.83,$13.92,Cancelled
O01322,2024-12-02,C0059,P034,2,178.15,0.0,356.3,$35.79,Delivered
O01790,2024-12-02,C0131,P008,1,999.67,0.0,999.67,$37.06,Delivered
O02293,2024-12-02,C0151,P002,1,603.39,,603.39,$31.33,Delivered
O00517,2024-12-03,C0113,P001,2,455.53,0.15,774.4,$21.23,Delivered
O01128,2024-12-03,C0032,P012,2,896.58,0.1,1613.84,$28.14,Shipped
O01757,2024-12-03,C0015,P025,1,5.24,0.0,5.24,$27.11,Delivered
O02312,2024-12-03,C0122,P021,2,11.04,0.0,22.08,$37.98,Delivered
O00168,2024-12-04,C0137,P036,2,202.5,0.0,405.0,$25.71,Delivered
O00643,2024-12-04,C0163,P001,2,455.53,0.1,819.95,$19.99,Delivered
O00765,2024-12-04,C0132,P013,1,257.23,0.0,257.23,$26.29,Shipped
O01159,2024-12-04,C0163,P010,1,1001.92,0.05,951.82,$42.09,Delivered
O01352,2024-12-04,C0169,P008,2,999.67,0.0,1999.34,$11.58,Shipped
O01500,2024-12-04,C0183,P010,3,1001.92,0.0,3005.76,$39.71,Delivered
O01602,2024-12-04,C0195,P028,3,10.85,0.0,32.55,$41.94,Delivered
O01624,2024-12-04,C0200,P008,2,999.67,0.0,1999.34,$27.53,Delivered
O01661,2024-12-04,C0025,P022,3,11.74,0.2,28.18,$30.33,Cancelled
O02029,2024-12-04,C0195,P036,1,202.5,0.1,182.25,$41.16,Delivered
O00023,2024-12-05,C0055,P009,1,739.26,,739.26,$34.63,Delivered
O00425,2024-12-05,C0143,P010,2,1001.92,0.0,2003.84,$16.49,Delivered
O00426,2024-12-05,C0186,P023,1,39.29,0.0,39.29,$10.60,Delivered
O00467,2024-12-05,C0017,P017,1,670.34,0.2,536.27,$42.16,Delivered
O00636,2024-12-05,C0073,P023,2,39.29,0.0,78.58,$24.83,Delivered
O00789,2024-12-05,C0183,P018,5,610.13,0.15,2593.05,$23.51,Delivered
O01227,2024-12-05,C0168,P010,10,1001.92,0.15,8516.32,$22.35,Delivered
O01722,2024-12-05,C0049,P032,1,506.4,0.05,481.08,$44.01,Delivered
O00063,2024-12-06,C0018,P023,1,39.29,0.15,33.4,$9.47,Delivered
O00888,2024-12-06,C0050,P031,1,482.84,0.05,458.7,$24.81,Delivered
O01994,2024-12-06,C0086,P010,1,1001.92,0.0,1001.92,$13.84,Delivered
O00248,2024-12-07,C0107,P028,3,10.85,0.0,32.55,$30.26,Delivered
O01164,2024-12-07,C0156,P007,2,545.77,0.1,982.39,$42.88,Delivered
O01315,2024-12-07,C0148,P018,1,610.13,0.2,488.1,$20.07,Delivered
O01346,2024-12-07,C0075,P031,3,482.84,0.0,1448.52,$8.98,Delivered
O01407,2024-12-07,C0127,P009,4,739.26,0.0,2957.04,$13.54,Delivered
O01450,2024-12-07,C0194,P019,2,25.78,,51.56,$17.34,Delivered
O01610,2024-12-07,C0117,P018,1,610.13,0.05,579.62,$12.55,Delivered
O01802,2024-12-07,C0184,P029,1,584.1,0.0,584.1,$17.05,Delivered
O01886,2024-12-07,C0047,P015,1,857.48,,857.48,$13.38,Delivered
O00126,2024-12-08,C0085,P011,3,98.09,0.1,264.84,$33.46,Delivered
O00793,2024-12-08,C0078,P007,2,545.77,,1091.54,$36.50,Delivered
O00899,2024-12-08,C0075,P029,4,584.1,0.0,2336.4,$30.53,Delivered
O00987,2024-12-08,C0142,P016,4,513.76,0.0,2055.04,$4.86,Delivered
O01876,2024-12-08,C0151,P031,2,482.84,0.0,965.68,$31.84,Cancelled
O00524,2024-12-09,C0029,P016,2,513.76,0.15,873.39,$4.62,Delivered
O00956,2024-12-09,C0161,P020,4,13.35,0.05,50.73,$13.60,Delivered
O01166,2024-12-09,C0093,P034,2,178.15,0.05,338.48,$30.66,Delivered
O02008,2024-12-09,C0034,P017,1,670.34,0.1,603.31,$31.54,Delivered
O00078,2024-12-10,C0115,P014,10,386.46,0.1,3478.14,$32.45,Cancelled
O00238,2024-12-10,C0077,P009,1,739.26,0.0,739.26,$30.30,Delivered
O00993,2024-12-10,C0150,P032,2,506.4,0.0,1012.8,$10.86,Delivered
O01435,2024-12-10,C0125,P029,5,584.1,0.1,2628.45,$44.54,Delivered
O01607,2024-12-10,C0200,P018,5,610.13,0.1,2745.58,$19.20,Delivered
O00352,2024-12-11,C0123,P025,1,5.24,0.05,4.98,$33.96,Returned
O00758,2024-12-11,C0058,P002,3,603.39,0.0,1810.17,$14.77,Returned
O01793,2024-12-11,C0118,P022,1,11.74,0.0,11.74,$12.18,Delivered
O01808,2024-12-11,C0039,P026,1,38.82,0.2,31.06,$36.45,Delivered
O02156,2024-12-11,C0019,P021,1,11.04,0.2,8.83,$35.72,Shipped
O02175,2024-12-11,C0188,P029,4,584.1,0.05,2219.58,$39.94,Shipped
O02234,2024-12-11,C0035,P025,1,5.24,0.0,5.24,$17.34,Delivered
O00348,2024-12-12,C0039,P009,10,739.26,0.15,6283.71,$20.78,Delivered
O01303,2024-12-12,C0083,P031,1,482.84,0.0,482.84,$18.47,Shipped
O01327,2024-12-12,C0111,P024,5,36.36,0.2,145.44,$30.19,Cancelled
O01401,2024-12-12,C0191,P016,3,513.76,0.1,1387.15,$7.51,Delivered
O00259,2024-12-13,C0190,P027,5,33.5,0.15,142.38,$15.12,Delivered
O00345,2024-12-13,C0168,P006,4,959.76,0.2,3071.23,$36.31,Delivered
O01055,2024-12-13,C0189,P028,3,10.85,0.0,32.55,$35.24,Delivered
O01060,2024-12-13,C0151,P005,2,1038.27,0.0,2076.54,$44.69,Delivered
O01539,2024-12-13,C0109,P035,1,483.75,0.0,483.75,$17.82,Returned
O01860,2024-12-13,C0167,P003,4,452.27,0.2,1447.26,$26.92,Delivered
O00100,2024-12-14,C0196,P026,1,38.82,0.2,31.06,$6.10,Delivered
O00219,2024-12-14,C0094,P035,3,483.75,0.05,1378.69,$44.58,Delivered
O00498,2024-12-14,C0038,P011,2,98.09,0.15,166.75,$21.29,Delivered
O00961,2024-12-14,C0071,P013,10,257.23,0.1,2315.07,$31.91,Shipped
O01191,2024-12-14,C0036,P031,4,482.84,0.1,1738.22,$17.60,Delivered
O01402,2024-12-14,C0139,P019,1,25.78,0.2,20.62,$5.58,Delivered
O01796,2024-12-14,C0127,P012,2,896.58,0.0,1793.16,$22.14,Delivered
O01906,2024-12-14,C0126,P022,2,11.74,0.0,23.48,$14.32,Delivered
O02166,2024-12-14,C0042,P001,1,455.53,0.05,432.75,$34.76,Delivered
O02250,2024-12-14,C0146,P029,1,584.1,0.05,554.9,$32.43,Delivered
O02363,2024-12-14,C0123,P022,2,11.74,0.2,18.78,$39.52,Delivered
O00779,2024-12-15,C0004,P034,1,178.15,0.0,178.15,$43.92,Delivered
O00801,2024-12-15,C0190,P002,1,603.39,0.2,482.71,$18.15,Delivered
O01023,2024-12-15,C0179,P003,1,452.27,0.1,407.04,$31.33,Delivered
O01066,2024-12-15,C0021,P034,5,178.15,0.2,712.6,$10.80,Delivered
O01165,2024-12-15,C0078,P008,2,999.67,0.0,1999.34,$17.58,Delivered
O02050,2024-12-15,C0142,P033,2,372.51,0.0,745.02,$8.50,Delivered
O02229,2024-12-15,C0028,P009,1,739.26,0.0,739.26,$40.03,Delivered
O00292,2024-12-16,C0046,P021,1,11.04,0.0,11.04,$28.05,Returned
O00319,2024-12-16,C0134,P030,3,233.43,0.2,560.23,$8.61,Delivered
O00749,2024-12-16,C0197,P018,4,610.13,0.0,2440.52,$44.01,Delivered
O00817,2024-12-16,C0062,P008,3,999.67,0.1,2699.11,$23.03,Delivered
O00835,2024-12-16,C0048,P029,2,584.1,0.1,1051.38,$16.86,Delivered
O01697,2024-12-16,C0102,P005,2,1038.27,0.2,1661.23,$38.94,Delivered
O00218,2024-12-17,C0127,P036,2,202.5,0.0,405.0,$14.98,Delivered
O00375,2024-12-17,C0174,P034,2,178.15,0.15,302.86,$25.28,Delivered
O00828,2024-12-17,C0014,P016,1,513.76,0.2,411.01,$16.68,Returned
O02020,2024-12-17,C0167,P022,2,11.74,0.0,23.48,$43.75,Shipped
O00389,2024-12-18,C0173,P008,3,999.67,0.0,2999.01,$43.52,Delivered
O01385,2024-12-18,C0015,P016,1,513.76,0.0,513.76,$44.63,Delivered
O00918,2024-12-19,C0034,P031,1,482.84,0.0,482.84,$19.14,Delivered
O01196,2024-12-19,C0031,P024,5,36.36,0.0,181.8,$40.72,Delivered
O01210,2024-12-19,C0149,P005,2,1038.27,0.0,2076.54,$5.24,Delivered
O01612,2024-12-19,C0113,P018,1,610.13,0.05,579.62,$10.58,Delivered
O01811,2024-12-19,C0141,P018,3,610.13,0.2,1464.31,$21.84,Shipped
O02109,2024-12-19,C0015,P019,1,25.78,0.15,21.91,$11.97,Delivered
O02399,2024-12-19,C0158,P018,2,610.13,0.0,1220.26,$19.06,Delivered
O00257,2024-12-20,C0173,P008,1,999.67,0.0,999.67,$14.03,Delivered
O00323,2024-12-20,C0122,P018,4,610.13,0.1,2196.47,$16.75,Shipped
O00486,2024-12-20,C0033,P004,2,986.74,0.2,1578.78,$23.61,Delivered
O01009,2024-12-20,C0091,P022,3,11.74,0.1,31.7,$17.37,Delivered
O01039,2024-12-20,C0004,P025,3,5.24,0.1,14.15,$30.65,Delivered
O01188,2024-12-20,C0187,P001,2,455.53,0.2,728.85,$19.74,Delivered
O01584,2024-12-20,C0099,P017,2,670.34,0.0,1340.68,$38.89,Delivered
O01733,2024-12-20,C0136,P003,5,452.27,0.0,2261.35,$30.28,Delivered
O01778,2024-12-20,C0006,P024,5,36.36,0.0,181.8,$22.34,Delivered
O02247,2024-12-20,C0133,P016,3,513.76,0.0,1541.28,$9.52,Delivered
O02274,2024-12-20,C0185,P006,2,959.76,0.0,1919.52,$20.91,Delivered
O00149,2024-12-21,C0082,P021,10,11.04,0.05,104.88,$20.96,Delivered
O00874,2024-12-21,C0107,P020,1,13.35,,13.35,$35.05,Delivered
O01363,2024-12-21,C0188,P011,2,98.09,,196.18,$17.27,Delivered
O01457,2024-12-21,C0098,P006,1,959.76,0.0,959.76,$30.85,Delivered
O01498,2024-12-21,C0071,P004,10,986.74,0.0,9867.4,$39.39,Returned
O01850,2024-12-21,C0001,P002,2,603.39,0.0,1206.78,$42.82,Returned
O00825,2024-12-22,C0028,P012,2,896.58,0.0,1793.16,$24.10,Delivered
O01409,2024-12-22,C0016,P017,4,670.34,0.15,2279.16,$26.16,Delivered
O01507,2024-12-22,C0030,P006,1,959.76,0.0,959.76,$35.44,Delivered
O02005,2024-12-22,C0188,P020,2,13.35,0.05,25.36,$25.90,Delivered
O02248,2024-12-22,C0187,P004,2,986.74,0.0,1973.48,$5.54,Delivered
O00970,2024-12-23,C0033,P004,5,986.74,,4933.7,$6.25,Delivered
O01149,2024-12-23,C0047,P035,2,483.75,,967.5,$10.64,Delivered
O02387,2024-12-23,C0055,P011,1,98.09,0.0,98.09,$13.43,Shipped
O00409,2024-12-24,C0092,P005,1,1038.27,0.0,1038.27,$25.34,Delivered
O00697,2024-12-24,C0157,P011,4,98.09,0.0,392.36,$24.38,Delivered
O00796,2024-12-24,C0097,P029,2,584.1,0.0,1168.2,$11.25,Delivered
O00988,2024-12-24,C0098,P008,1,999.67,0.05,949.69,$16.51,Delivered
O01161,2024-12-24,C0180,P015,1,857.48,0.2,685.98,$30.40,Delivered
O01250,2024-12-24,C0173,P027,1,33.5,0.0,33.5,$44.52,Returned
O02384,2024-12-24,C0034,P014,4,386.46,0.05,1468.55,$28.29,Delivered
O00151,2024-12-25,C0089,P025,2,5.24,0.0,10.48,$16.30,Delivered
O00818,2024-12-25,C0112,P028,2,10.85,0.0,21.7,$12.28,Delivered
O00848,2024-12-25,C0156,P003,1,452.27,0.2,361.82,$16.40,Delivered
O01007,2024-12-25,C0049,P028,1,10.85,,10.85,$38.97,Delivered
O01306,2024-12-25,C0136,P033,4,372.51,0.1,1341.04,$33.05,Delivered
O01397,2024-12-25,C0009,P035,5,483.75,0.15,2055.94,$41.83,Returned
O01452,2024-12-25,C0124,P032,2,506.4,0.05,962.16,$5.19,Delivered
O01570,2024-12-25,C0042,P030,1,233.43,0.05,221.76,$11.18,Returned
O01880,2024-12-25,C0062,P031,1,482.84,0.1,434.56,$26.66,Delivered
O02265,2024-12-25,C0196,P019,1,25.78,0.2,20.62,$29.64,Delivered
O02343,2024-12-25,C0187,P004,3,986.74,0.2,2368.18,$12.49,Delivered
O00094,2024-12-26,C0103,P009,3,739.26,0.0,2217.78,$17.08,Delivered
O00250,2024-12-26,C0163,P005,1,1038.27,0.2,830.62,$33.93,Shipped
O00424,2024-12-26,C0076,P010,1,1001.92,0.15,851.63,$43.25,Delivered
O00513,2024-12-26,C0062,P034,4,178.15,0.1,641.34,$15.67,Delivered
O00605,2024-12-26,C0018,P028,2,10.85,0.0,21.7,$32.48,Delivered
O00819,2024-12-26,C0008,P017,2,670.34,0.0,1340.68,$43.52,Delivered
O00972,2024-12-26,C0106,P015,4,857.48,0.0,3429.92,$22.59,Delivered
O01334,2024-12-26,C0111,P023,3,39.29,0.0,117.87,$6.05,Delivered
O02133,2024-12-26,C0141,P034,1,178.15,0.15,151.43,$29.19,Delivered
O02286,2024-12-26,C0074,P024,10,36.36,0.1,327.24,$24.17,Delivered
O00303,2024-12-27,C0123,P015,4,857.48,0.1,3086.93,$4.82,Delivered
O00984,2024-12-27,C0002,P024,1,36.36,0.15,30.91,$5.23,Delivered
O01178,2024-12-27,C0035,P018,4,610.13,0.0,2440.52,$30.34,Delivered
O01244,2024-12-27,C0022,P010,1,1001.92,0.2,801.54,$7.35,Shipped
O01464,2024-12-27,C0101,P013,4,257.23,0.1,926.03,$36.18,Delivered
O01836,2024-12-27,C0023,P014,2,386.46,0.0,772.92,$35.27,Shipped
O01840,2024-12-27,C0151,P003,1,452.27,,452.27,$4.29,Delivered
O02013,2024-12-27,C0158,P018,1,610.13,0.0,610.13,$19.90,Delivered
O02099,2024-12-27,C0069,P016,3,513.76,0.1,1387.15,$33.77,Delivered
O02177,2024-12-27,C0147,P029,3,584.1,0.2,1401.84,$20.51,Returned
O02334,2024-12-27,C0017,P034,1,178.15,0.1,160.34,$28.38,Delivered
O00287,2024-12-28,C0189,P004,2,986.74,0.2,1578.78,$18.55,Shipped
O00299,2024-12-28,C0191,P005,1,1038.27,0.0,1038.27,$37.69,Delivered
O00493,2024-12-28,C0039,P031,2,482.84,0.15,820.83,$36.20,Delivered
O01593,2024-12-28,C0167,P016,1,513.76,0.1,462.38,$26.63,Delivered
O02124,2024-12-28,C0192,P003,4,452.27,0.0,1809.08,$35.90,Delivered
O00334,2024-12-29,C0045,P001,1,455.53,0.1,409.98,$33.22,Delivered
O00357,2024-12-29,C0104,P002,1,603.39,0.0,603.39,$28.18,Delivered
O00362,2024-12-29,C0131,P008,1,999.67,0.0,999.67,$24.41,Delivered
O00564,2024-12-29,C0004,P022,3,11.74,0.0,35.22,$16.51,Delivered
O00838,2024-12-29,C0107,P024,1,36.36,0.2,29.09,$42.74,Shipped
O01462,2024-12-29,C0097,P026,1,38.82,0.1,34.94,$39.34,Delivered
O00582,2024-12-30,C0121,P024,1,36.36,0.2,29.09,$24.15,Delivered
O01092,2024-12-30,C0095,P009,4,739.26,0.2,2365.63,$27.65,Delivered
O01578,2024-12-30,C0029,P011,1,98.09,0.15,83.38,$9.82,Delivered
O02192,2024-12-30,C0161,P030,2,233.43,,466.86,$19.76,Delivered
O02345,2024-12-30,C0098,P032,3,506.4,0.1,1367.28,$37.09,Delivered
O00039,2024-12-31,C0100,P027,1,33.5,0.15,28.48,$6.70,Delivered
O00639,2024-12-31,C0178,P028,3,10.85,0.05,30.92,$11.10,Delivered
O00886,2024-12-31,C0005,P028,2,10.85,0.0,21.7,$14.98,Delivered
O01086,2024-12-31,C0030,P031,3,482.84,0.05,1376.09,$13.98,Delivered
O01229,2024-12-31,C0175,P025,2,5.24,0.0,10.48,$27.24,Cancelled
O01777,2024-12-31,C0038,P029,5,584.1,,2920.5,$19.55,Delivered
O01941,2024-12-31,C0137,P008,1,999.67,0.0,999.67,$10.26,Returned
O02096,2024-12-31,C0013,P008,4,999.67,0.1,3598.81,$38.23,Delivered
O02134,2024-12-31,C0027,P024,2,36.36,0.0,72.72,$28.83,Delivered
O00684,2025-01-01,C0128,P010,3,1001.92,0.0,3005.76,$42.25,Delivered
O00725,2025-01-01,C0104,P012,2,896.58,0.0,1793.16,$39.28,Delivered
O00856,2025-01-01,C0185,P010,1,1001.92,0.0,1001.92,$12.35,Delivered
O01367,2025-01-01,C0035,P036,2,202.5,0.1,364.5,$13.25,Delivered
O02073,2025-01-01,C0028,P028,1,10.85,0.15,9.22,$40.34,Delivered
O02388,2025-01-01,C0005,P005,3,1038.27,0.2,2491.85,$22.91,Delivered
O00075,2025-01-02,C0093,P025,1,5.24,,5.24,$42.90,Delivered
O00589,2025-01-02,C0100,P034,1,178.15,,178.15,$20.32,Delivered
O00860,2025-01-02,C0028,P021,1,11.04,0.0,11.04,$22.87,Delivered
O01044,2025-01-02,C0004,P015,1,857.48,0.0,857.48,$16.66,Delivered
O01571,2025-01-02,C0052,P021,1,11.04,,11.04,$22.83,Delivered
O01858,2025-01-02,C0012,P005,10,1038.27,0.1,9344.43,$33.11,Delivered
O01897,2025-01-02,C0131,P010,2,1001.92,0.0,2003.84,$27.21,Delivered
O01928,2025-01-02,C0088,P021,1,11.04,0.2,8.83,$38.37,Delivered
O02017,2025-01-02,C0164,P031,1,482.84,0.05,458.7,$38.21,Returned
O00373,2025-01-03,C0047,P025,4,5.24,0.0,20.96,$23.81,Delivered
O00470,2025-01-03,C0131,P034,3,178.15,0.0,534.45,$31.63,Delivered
O00878,2025-01-03,C0158,P024,3,36.36,0.2,87.26,$36.99,Delivered
O01729,2025-01-03,C0182,P007,3,545.77,0.2,1309.85,$35.03,Delivered
O01806,2025-01-03,C0104,P030,4,233.43,,933.72,$22.54,Delivered
O01893,2025-01-03,C0011,P015,3,857.48,0.2,2057.95,$4.46,Delivered
O02261,2025-01-03,C0027,P009,2,739.26,0.0,1478.52,$22.31,Delivered
O00079,2025-01-04,C0052,P008,1,999.67,,999.67,$44.89,Shipped
O00563,2025-01-04,C0194,P006,5,959.76,0.0,4798.8,$39.62,Shipped
O00722,2025-01-04,C0143,P001,3,455.53,0.2,1093.27,$42.95,Delivered
O01544,2025-01-04,C0045,P006,2,959.76,0.0,1919.52,$33.80,Delivered
O00026,2025-01-05,C0107,P019,1,25.78,0.0,25.78,$43.61,Delivered
O00483,2025-01-05,C0159,P023,5,39.29,,196.45,$29.17,Delivered
O01423,2025-01-05,C0156,P017,1,670.34,0.2,536.27,$21.26,Cancelled
O02163,2025-01-05,C0052,P030,10,233.43,0.15,1984.16,$18.67,Returned
O01486,2025-01-06,C0033,P034,2,178.15,0.2,285.04,$17.54,Delivered
O01572,2025-01-06,C0114,P016,3,513.76,,1541.28,$24.51,Delivered
O01635,2025-01-06,C0103,P013,4,257.23,0.0,1028.92,$43.74,Delivered
O01763,2025-01-06,C0161,P023,5,39.29,,196.45,$34.07,Delivered
O02135,2025-01-06,C0095,P005,1,1038.27,0.0,1038.27,$33.30,Delivered
O02285,2025-01-06,C0105,P029,3,584.1,0.15,1489.46,$7.27,Delivered
O00650,2025-01-07,C0093,P027,1,33.5,0.0,33.5,$9.51,Delivered
O00971,2025-01-07,C0111,P005,1,1038.27,0.2,830.62,$20.47,Delivered
O01270,2025-01-07,C0188,P009,10,739.26,0.15,6283.71,$11.65,Delivered
O02210,2025-01-07,C0076,P030,1,233.43,0.15,198.42,$12.29,Delivered
O00496,2025-01-08,C0090,P013,2,257.23,0.0,514.46,$44.15,Delivered
O00557,2025-01-08,C0101,P010,2,1001.92,0.0,2003.84,$26.47,Delivered
O01433,2025-01-08,C0194,P012,5,896.58,0.05,4258.76,$21.65,Delivered
O02116,2025-01-08,C0007,P002,2,603.39,0.15,1025.76,$35.92,Delivered
O00451,2025-01-09,C0073,P006,2,959.76,,1919.52,$10.99,Shipped
O00734,2025-01-09,C0023,P006,1,959.76,0.0,959.76,$15.82,Returned
O00740,2025-01-09,C0124,P024,10,36.36,0.0,363.6,$10.08,Delivered
O00847,2025-01-09,C0066,P005,1,1038.27,0.05,986.36,$23.31,Delivered
O01366,2025-01-09,C0162,P002,5,603.39,0.15,2564.41,$8.41,Delivered
O01603,2025-01-09,C0164,P035,1,483.75,0.05,459.56,$12.74,Delivered
O02048,2025-01-09,C0116,P013,3,257.23,0.1,694.52,$38.42,Cancelled
O00080,2025-01-10,C0082,P023,3,39.29,0.1,106.08,$40.54,Shipped
O00601,2025-01-10,C0159,P036,1,202.5,0.0,202.5,$30.78,Delivered
O01183,2025-01-10,C0161,P036,1,202.5,0.05,192.38,$27.85,Shipped
O01226,2025-01-10,C0161,P006,10,959.76,0.05,9117.72,$40.26,Shipped
O02071,2025-01-10,C0177,P005,1,1038.27,0.0,1038.27,$19.36,Delivered
O02255,2025-01-10,C0148,P011,2,98.09,0.15,166.75,$31.22,Delivered
O00140,2025-01-11,C0074,P027,1,33.5,0.0,33.5,$35.40,Cancelled
O00148,2025-01-11,C0036,P033,10,372.51,0.05,3538.84,$37.45,Delivered
O00489,2025-01-11,C0093,P017,1,670.34,0.15,569.79,$19.00,Delivered
O01728,2025-01-11,C0092,P004,5,986.74,,4933.7,$37.25,Returned
O02034,2025-01-11,C0056,P009,1,739.26,0.05,702.3,$44.58,Delivered
O02199,2025-01-11,C0157,P019,10,25.78,0.1,232.02,$36.37,Shipped
O02264,2025-01-11,C0046,P030,3,233.43,0.1,630.26,$35.84,Delivered
O02297,2025-01-11,C0129,P003,4,452.27,,1809.08,$42.10,Delivered
O00558,2025-01-12,C0103,P033,2,372.51,0.0,745.02,$35.24,Delivered
O00864,2025-01-12,C0062,P026,1,38.82,0.05,36.88,$10.68,Delivered
O00969,2025-01-12,C0149,P008,1,999.67,0.15,849.72,$40.49,Delivered
O01014,2025-01-12,C0099,P019,1,25.78,0.1,23.2,$31.04,Delivered
O01118,2025-01-12,C0148,P032,3,506.4,0.15,1291.32,$28.85,Delivered
O01288,2025-01-12,C0003,P021,3,11.04,0.15,28.15,$12.76,Delivered
O01297,2025-01-12,C0027,P002,1,603.39,0.15,512.88,$39.32,Delivered
O02100,2025-01-12,C0166,P020,2,13.35,0.0,26.7,$4.85,Shipped
O00683,2025-01-13,C0114,P017,2,670.34,0.1,1206.61,$35.87,Delivered
O00980,2025-01-13,C0171,P031,3,482.84,,1448.52,$28.59,Delivered
O01529,2025-01-13,C0035,P026,4,38.82,0.2,124.22,$28.47,Delivered
O00379,2025-01-14,C0062,P022,1,11.74,0.2,9.39,$20.53,Delivered
O01116,2025-01-14,C0009,P006,10,959.76,0.1,8637.84,$18.91,Delivered
O01163,2025-01-14,C0013,P012,3,896.58,0.05,2555.25,$15.70,Delivered
O01171,2025-01-14,C0184,P008,2,999.67,0.0,1999.34,$10.84,Delivered
O01181,2025-01-14,C0015,P001,10,455.53,0.0,4555.3,$14.50,Delivered
O01380,2025-01-14,C0034,P018,3,610.13,0.0,1830.39,$5.46,Delivered
O01627,2025-01-14,C0117,P034,5,178.15,0.0,890.75,$20.46,Delivered
O01960,2025-01-14,C0111,P033,1,372.51,0.0,372.51,$44.94,Delivered
O02148,2025-01-14,C0162,P005,5,1038.27,0.05,4931.78,$4.61,Delivered
O00081,2025-01-15,C0183,P012,1,896.58,0.05,851.75,$36.47,Delivered
O00403,2025-01-15,C0176,P021,3,11.04,0.05,31.46,$29.44,Delivered
O00593,2025-01-15,C0117,P013,1,257.23,0.0,257.23,$33.45,Delivered
O02032,2025-01-15,C0121,P024,2,36.36,0.0,72.72,$14.84,Delivered
O02086,2025-01-15,C0166,P024,1,36.36,0.0,36.36,$33.49,Cancelled
O02143,2025-01-15,C0008,P029,2,584.1,0.05,1109.79,$25.32,Delivered
O00221,2025-01-16,C0023,P029,4,584.1,0.05,2219.58,$37.24,Delivered
O00356,2025-01-16,C0088,P032,1,506.4,0.05,481.08,$10.76,Returned
O00534,2025-01-16,C0197,P036,1,202.5,0.1,182.25,$17.23,Delivered
O00592,2025-01-16,C0179,P035,1,483.75,0.2,387.0,$17.26,Delivered
O01415,2025-01-16,C0200,P033,5,372.51,0.2,1490.04,$38.06,Delivered
O01717,2025-01-16,C0176,P025,2,5.24,0.15,8.91,$11.50,Delivered
O01888,2025-01-16,C0179,P028,1,10.85,0.15,9.22,$30.03,Delivered
O01937,2025-01-16,C0066,P029,2,584.1,0.0,1168.2,$13.39,Delivered
O02003,2025-01-16,C0059,P003,1,452.27,0.0,452.27,$21.63,Returned
O02141,2025-01-16,C0058,P019,2,25.78,0.0,51.56,$20.72,Delivered
O00202,2025-01-17,C0027,P019,2,25.78,0.0,51.56,$8.76,Returned
O00286,2025-01-17,C0060,P011,1,98.09,0.05,93.19,$14.93,Shipped
O00304,2025-01-17,C0027,P005,1,1038.27,0.2,830.62,$10.60,Delivered
O00561,2025-01-17,C0094,P023,3,39.29,0.1,106.08,$10.94,Delivered
O00803,2025-01-17,C0022,P005,1,1038.27,0.15,882.53,$5.53,Delivered
O01618,2025-01-17,C0177,P002,1,603.39,0.0,603.39,$39.70,Delivered
O02230,2025-01-17,C0161,P020,2,13.35,0.0,26.7,$19.46,Delivered
O00122,2025-01-18,C0010,P012,2,896.58,0.0,1793.16,$42.29,Delivered
O00247,2025-01-18,C0068,P014,3,386.46,0.1,1043.44,$29.77,Delivered
O00277,2025-01-18,C0022,P017,10,670.34,0.05,6368.23,$41.00,Delivered
O00584,2025-01-18,C0172,P013,3,257.23,0.0,771.69,$11.26,Returned
O01274,2025-01-18,C0020,P032,4,506.4,0.05,1924.32,$20.02,Delivered
O01826,2025-01-18,C0180,P001,1,455.53,0.05,432.75,$9.91,Delivered
O02028,2025-01-18,C0148,P014,2,386.46,0.0,772.92,$13.49,Delivered
O00417,2025-01-19,C0055,P028,4,10.85,0.2,34.72,$30.51,Returned
O00738,2025-01-19,C0086,P027,2,33.5,0.15,56.95,$23.93,Delivered
O01645,2025-01-19,C0047,P024,1,36.36,,36.36,$12.37,Delivered
O00249,2025-01-20,C0040,P018,5,610.13,0.0,3050.65,$25.99,Delivered
O01186,2025-01-20,C0187,P012,2,896.58,0.0,1793.16,$16.72,Shipped
O01187,2025-01-20,C0101,P013,1,257.23,0.2,205.78,$8.11,Delivered
O01242,2025-01-20,C0009,P025,1,5.24,0.15,4.45,$36.37,Cancelled
O01382,2025-01-20,C0199,P013,2,257.23,0.2,411.57,$31.96,Delivered
O02155,2025-01-20,C0086,P002,2,603.39,0.1,1086.1,$7.28,Delivered
O01673,2025-01-21,C0090,P005,1,1038.27,0.2,830.62,$9.06,Delivered
O01949,2025-01-21,C0033,P003,1,452.27,0.1,407.04,$8.74,Returned
O01973,2025-01-21,C0170,P005,1,1038.27,0.2,830.62,$37.42,Delivered
O02070,2025-01-21,C0186,P014,1,386.46,0.1,347.81,$38.22,Delivered
O00052,2025-01-22,C0032,P019,1,25.78,0.0,25.78,$15.18,Returned
O00301,2025-01-22,C0090,P017,1,670.34,,670.34,$34.04,Cancelled
O00511,2025-01-22,C0075,P015,1,857.48,0.2,685.98,$20.18,Delivered
O00954,2025-01-22,C0154,P023,1,39.29,0.0,39.29,$9.12,Delivered
O01061,2025-01-22,C0145,P011,1,98.09,0.15,83.38,$24.89,Delivered
O01091,2025-01-22,C0030,P019,3,25.78,0.05,73.47,$34.53,Delivered
O01093,2025-01-22,C0016,P035,2,483.75,0.15,822.38,$36.70,Returned
O01534,2025-01-22,C0108,P012,1,896.58,0.0,896.58,$23.06,Delivered
O01933,2025-01-22,C0112,P029,1,584.1,0.05,554.9,$15.03,Returned
O02282,2025-01-22,C0196,P006,2,959.76,0.2,1535.62,$25.17,Delivered
O02347,2025-01-22,C0175,P018,2,610.13,0.2,976.21,$21.68,Delivered
O01282,2025-01-23,C0051,P018,10,610.13,0.0,6101.3,$27.93,Delivered
O01403,2025-01-23,C0069,P017,2,670.34,0.0,1340.68,$16.58,Delivered
O01672,2025-01-23,C0063,P026,3,38.82,0.2,93.17,$20.03,Delivered
O02241,2025-01-23,C0148,P035,1,483.75,0.2,387.0,$9.01,Delivered
O00016,2025-01-24,C0196,P020,5,13.35,0.15,56.74,$4.25,Shipped
O00243,2025-01-24,C0169,P020,1,13.35,0.2,10.68,$16.12,Delivered
O00445,2025-01-24,C0104,P023,3,39.29,0.0,117.87,$24.58,Delivered
O00621,2025-01-24,C0029,P024,5,36.36,,181.8,$24.75,Delivered
O01657,2025-01-24,C0163,P003,1,452.27,0.0,452.27,$27.46,Delivered
O01750,2025-01-24,C0129,P013,3,257.23,0.15,655.94,$5.79,Delivered
O00033,2025-01-25,C0114,P020,1,13.35,0.0,13.35,$16.73,Delivered
O01795,2025-01-25,C0060,P014,1,386.46,0.05,367.14,$23.52,Delivered
O01508,2025-01-26,C0056,P024,2,36.36,0.05,69.08,$16.62,Delivered
O02266,2025-01-26,C0087,P001,2,455.53,0.15,774.4,$44.26,Delivered
O00443,2025-01-27,C0163,P018,2,610.13,0.0,1220.26,$19.44,Delivered
O00484,2025-01-27,C0139,P003,4,452.27,0.15,1537.72,$29.45,Delivered
O00667,2025-01-27,C0113,P011,1,98.09,0.1,88.28,$34.97,Delivered
O00750,2025-01-27,C0126,P021,2,11.04,0.0,22.08,$41.25,Delivered
O00781,2025-01-27,C0113,P007,1,545.77,0.05,518.48,$25.08,Delivered
O00994,2025-01-27,C0166,P033,1,372.51,,372.51,$11.34,Delivered
O01020,2025-01-27,C0118,P030,2,233.43,0.0,466.86,$15.80,Shipped
O01064,2025-01-27,C0067,P030,5,233.43,0.0,1167.15,$14.43,Delivered
O01956,2025-01-27,C0123,P005,1,1038.27,0.05,986.36,$16.72,Delivered
O02325,2025-01-27,C0158,P003,1,452.27,,452.27,$10.20,Cancelled
O00022,2025-01-28,C0057,P026,10,38.82,0.0,388.2,$4.32,Delivered
O00084,2025-01-28,C0148,P005,1,1038.27,0.15,882.53,$30.34,Delivered
O00232,2025-01-28,C0113,P030,1,233.43,0.2,186.74,$12.30,Delivered
O00468,2025-01-28,C0168,P034,1,178.15,0.0,178.15,$42.77,Shipped
O01167,2025-01-28,C0099,P006,3,959.76,0.0,2879.28,$5.68,Cancelled
O01562,2025-01-28,C0200,P026,2,38.82,0.15,65.99,$34.80,Delivered
O01734,2025-01-28,C0137,P002,1,603.39,0.1,543.05,$19.78,Delivered
O01845,2025-01-28,C0028,P014,3,386.46,0.05,1101.41,$40.35,Shipped
O00967,2025-01-29,C0007,P022,2,11.74,0.15,19.96,$38.13,Shipped
O01554,2025-01-29,C0183,P030,2,233.43,0.15,396.83,$26.20,Delivered
O01080,2025-01-30,C0136,P018,10,610.13,0.05,5796.24,$19.11,Delivered
O01328,2025-01-30,C0161,P035,5,483.75,,2418.75,$44.48,Shipped
O01698,2025-01-30,C0088,P035,1,483.75,0.0,483.75,$41.77,Delivered
O01792,2025-01-30,C0004,P022,4,11.74,0.0,46.96,$10.41,Delivered
O02257,2025-01-30,C0002,P027,3,33.5,,100.5,$7.81,Cancelled
O00117,2025-01-31,C0066,P031,1,482.84,0.1,434.56,$9.63,Delivered
O00405,2025-01-31,C0155,P013,1,257.23,0.0,257.23,$44.32,Delivered
O00471,2025-01-31,C0168,P001,1,455.53,0.2,364.42,$18.48,Delivered
O00653,2025-01-31,C0109,P036,1,202.5,0.2,162.0,$28.79,Delivered
O00691,2025-01-31,C0113,P013,3,257.23,0.05,733.11,$24.06,Delivered
O00776,2025-01-31,C0032,P014,2,386.46,0.05,734.27,$11.58,Delivered
O01472,2025-01-31,C0177,P027,4,33.5,0.1,120.6,$32.31,Delivered
O01862,2025-01-31,C0096,P036,2,202.5,0.15,344.25,$34.14,Delivered
O02185,2025-01-31,C0139,P019,10,25.78,0.0,257.8,$40.58,Delivered
O00268,2025-02-01,C0152,P004,2,986.74,0.0,1973.48,$13.71,Delivered
O00395,2025-02-01,C0162,P014,1,386.46,0.15,328.49,$41.77,Delivered
O00553,2025-02-01,C0098,P006,1,959.76,0.2,767.81,$21.08,Shipped
O00682,2025-02-01,C0037,P035,3,483.75,0.05,1378.69,$29.17,Delivered
O01152,2025-02-01,C0069,P008,2,999.67,,1999.34,$36.79,Delivered
O01518,2025-02-01,C0042,P030,2,233.43,0.0,466.86,$22.00,Delivered
O00019,2025-02-02,C0146,P006,3,959.76,0.0,2879.28,$31.63,Delivered
O01141,2025-02-02,C0135,P015,1,857.48,0.15,728.86,$43.05,Delivered
O01691,2025-02-02,C0068,P011,2,98.09,0.15,166.75,$34.37,Delivered
O01918,2025-02-02,C0028,P036,2,202.5,0.0,405.0,$36.14,Returned
O02288,2025-02-02,C0136,P023,2,39.29,0.2,62.86,$28.44,Delivered
O00462,2025-02-03,C0145,P024,2,36.36,0.2,58.18,$34.95,Delivered
O00500,2025-02-03,C0102,P018,5,610.13,0.15,2593.05,$34.66,Delivered
O00906,2025-02-03,C0010,P010,5,1001.92,0.0,5009.6,$44.09,Cancelled
O00998,2025-02-03,C0193,P006,1,959.76,0.15,815.8,$13.44,Delivered
O01887,2025-02-03,C0180,P008,3,999.67,0.0,2999.01,$21.96,Delivered
O00371,2025-02-04,C0099,P031,3,482.84,0.0,1448.52,$9.43,Delivered
O01042,2025-02-04,C0178,P009,1,739.26,0.15,628.37,$44.10,Delivered
O01399,2025-02-04,C0110,P004,10,986.74,0.1,8880.66,$39.20,Returned
O01639,2025-02-04,C0108,P026,1,38.82,0.1,34.94,$38.30,Delivered
O01689,2025-02-04,C0008,P030,4,233.43,0.15,793.66,$18.45,Cancelled
O01938,2025-02-04,C0134,P005,1,1038.27,0.0,1038.27,$29.46,Delivered
O02239,2025-02-04,C0026,P028,2,10.85,0.1,19.53,$13.69,Delivered
O00096,2025-02-05,C0041,P021,5,11.04,0.15,46.92,$11.78,Delivered
O00797,2025-02-05,C0200,P020,2,13.35,0.1,24.03,$33.34,Delivered
O00339,2025-02-06,C0167,P020,1,13.35,0.0,13.35,$37.02,Shipped
O00526,2025-02-06,C0198,P006,1,959.76,,959.76,$7.75,Delivered
O00985,2025-02-06,C0075,P029,3,584.1,0.0,1752.3,$43.99,Delivered
O01991,2025-02-06,C0065,P025,3,5.24,0.2,12.58,$36.13,Shipped
O00612,2025-02-07,C0073,P017,3,670.34,0.1,1809.92,$16.31,Delivered
O01220,2025-02-07,C0139,P007,1,545.77,0.0,545.77,$35.02,Delivered
O01280,2025-02-07,C0033,P018,1,610.13,0.05,579.62,$43.08,Delivered
O01775,2025-02-07,C0144,P011,2,98.09,0.2,156.94,$10.49,Delivered
O01917,2025-02-07,C0100,P021,1,11.04,0.0,11.04,$5.68,Delivered
O00009,2025-02-08,C0106,P022,3,11.74,0.15,29.94,$21.50,Delivered
O00262,2025-02-08,C0003,P024,1,36.36,0.1,32.72,$34.32,Delivered
O00314,2025-02-08,C0134,P027,10,33.5,,335.0,$27.48,Delivered
O02245,2025-02-08,C0113,P005,3,1038.27,,3114.81,$35.15,Returned
O02323,2025-02-08,C0092,P016,2,513.76,0.0,1027.52,$4.01,Cancelled
O00568,2025-02-09,C0169,P024,4,36.36,0.0,145.44,$15.99,Shipped
O00701,2025-02-09,C0194,P027,1,33.5,0.05,31.82,$41.95,Delivered
O00937,2025-02-09,C0044,P019,1,25.78,0.1,23.2,$43.04,Delivered
O01005,2025-02-09,C0195,P010,3,1001.92,0.05,2855.47,$23.45,Delivered
O01324,2025-02-09,C0118,P001,4,455.53,0.1,1639.91,$33.12,Shipped
O01703,2025-02-09,C0050,P027,1,33.5,0.2,26.8,$34.62,Delivered
O02366,2025-02-09,C0093,P018,1,610.13,0.2,488.1,$14.43,Delivered
O02368,2025-02-09,C0040,P029,1,584.1,,584.1,$31.97,Delivered
O00599,2025-02-10,C0128,P035,2,483.75,0.05,919.12,$28.14,Delivered
O00913,2025-02-10,C0186,P028,1,10.85,0.15,9.22,$14.65,Delivered
O01051,2025-02-10,C0163,P010,1,1001.92,0.05,951.82,$13.69,Delivered
O01232,2025-02-10,C0091,P006,1,959.76,,959.76,$14.58,Delivered
O01751,2025-02-10,C0040,P022,1,11.74,,11.74,$12.23,Delivered
O02222,2025-02-10,C0019,P016,1,513.76,0.0,513.76,$36.77,Shipped
O01049,2025-02-11,C0014,P016,1,513.76,0.2,411.01,$25.38,Delivered
O00210,2025-02-12,C0153,P025,2,5.24,0.0,10.48,$18.26,Shipped
O00634,2025-02-12,C0037,P017,5,670.34,0.2,2681.36,$11.52,Returned
O01003,2025-02-12,C0191,P018,1,610.13,0.1,549.12,$4.35,Delivered
O01414,2025-02-12,C0039,P002,1,603.39,0.05,573.22,$37.13,Delivered
O01502,2025-02-12,C0050,P002,1,603.39,0.15,512.88,$40.81,Delivered
O01833,2025-02-12,C0128,P005,1,1038.27,0.0,1038.27,$42.55,Delivered
O01000,2025-02-13,C0046,P029,1,584.1,0.0,584.1,$18.72,Delivered
O01108,2025-02-13,C0168,P025,3,5.24,0.0,15.72,$35.89,Shipped
O01477,2025-02-13,C0108,P026,10,38.82,0.1,349.38,$25.42,Delivered
O01884,2025-02-13,C0042,P003,1,452.27,0.15,384.43,$21.50,Delivered
O02287,2025-02-13,C0103,P012,1,896.58,0.2,717.26,$11.45,Delivered
O02376,2025-02-13,C0102,P029,2,584.1,0.1,1051.38,$25.08,Delivered
O00062,2025-02-14,C0163,P025,10,5.24,0.1,47.16,$34.64,Delivered
O00692,2025-02-14,C0139,P020,2,13.35,,26.7,$43.63,Delivered
O01485,2025-02-14,C0165,P013,3,257.23,0.1,694.52,$11.31,Delivered
O00521,2025-02-15,C0064,P003,1,452.27,0.05,429.66,$23.39,Delivered
O01302,2025-02-15,C0134,P034,1,178.15,,178.15,$31.11,Cancelled
O01726,2025-02-15,C0157,P022,5,11.74,0.2,46.96,$36.15,Returned
O01868,2025-02-15,C0066,P036,3,202.5,0.0,607.5,$34.33,Delivered
O02182,2025-02-16,C0115,P007,3,545.77,0.2,1309.85,$27.35,Delivered
O02361,2025-02-16,C0035,P027,2,33.5,0.2,53.6,$7.12,Delivered
O00181,2025-02-17,C0097,P028,1,10.85,0.1,9.76,$36.72,Delivered
O01185,2025-02-17,C0038,P031,1,482.84,0.0,482.84,$11.74,Delivered
O01279,2025-02-17,C0056,P024,1,36.36,0.05,34.54,$7.42,Delivered
O01356,2025-02-17,C0149,P020,1,13.35,,13.35,$5.75,Returned
O01369,2025-02-17,C0172,P007,5,545.77,0.15,2319.52,$35.75,Delivered
O01665,2025-02-17,C0199,P002,2,603.39,0.0,1206.78,$27.08,Delivered
O01838,2025-02-17,C0195,P015,5,857.48,0.0,4287.4,$24.52,Delivered
O01981,2025-02-17,C0044,P026,1,38.82,0.1,34.94,$29.23,Delivered
O00438,2025-02-18,C0024,P026,1,38.82,0.0,38.82,$31.17,Shipped
O00528,2025-02-18,C0143,P023,4,39.29,,157.16,$34.06,Delivered
O00767,2025-02-18,C0037,P001,3,455.53,0.2,1093.27,$17.95,Returned
O01160,2025-02-18,C0158,P013,1,257.23,0.0,257.23,$19.59,Delivered
O01828,2025-02-18,C0041,P029,3,584.1,0.0,1752.3,$42.41,Delivered
O02033,2025-02-18,C0144,P016,2,513.76,0.0,1027.52,$29.86,Delivered
O01337,2025-02-19,C0091,P016,2,513.76,0.0,1027.52,$40.61,Returned
O01426,2025-02-19,C0009,P028,1,10.85,0.0,10.85,$44.59,Delivered
O02380,2025-02-19,C0038,P035,2,483.75,0.1,870.75,$39.84,Delivered
O00187,2025-02-20,C0098,P011,2,98.09,0.0,196.18,$10.86,Delivered
O01034,2025-02-20,C0052,P016,1,513.76,0.05,488.07,$12.20,Delivered
O00135,2025-02-21,C0016,P036,2,202.5,0.0,405.0,$17.45,Delivered
O00252,2025-02-21,C0190,P012,1,896.58,0.0,896.58,$32.76,Delivered
O00353,2025-02-21,C0083,P034,2,178.15,0.05,338.48,$13.28,Shipped
O01312,2025-02-21,C0070,P024,1,36.36,0.2,29.09,$34.01,Delivered
O01384,2025-02-21,C0030,P029,1,584.1,0.15,496.48,$18.42,Delivered
O02295,2025-02-21,C0142,P005,3,1038.27,0.1,2803.33,$27.54,Delivered
O00317,2025-02-22,C0175,P028,1,10.85,0.1,9.76,$17.11,Delivered
O00463,2025-02-22,C0143,P031,2,482.84,0.1,869.11,$27.68,Delivered
O01036,2025-02-22,C0171,P011,3,98.09,0.0,294.27,$21.04,Delivered
O00743,2025-02-23,C0009,P021,2,11.04,0.0,22.08,$25.88,Delivered
O01952,2025-02-23,C0063,P010,1,1001.92,0.05,951.82,$41.05,Delivered
O02238,2025-02-23,C0084,P012,1,896.58,0.05,851.75,$34.38,Shipped
O00368,2025-02-24,C0110,P008,1,999.67,0.0,999.67,$4.40,Delivered
O00504,2025-02-24,C0022,P025,1,5.24,0.05,4.98,$34.24,Delivered
O00518,2025-02-24,C0128,P024,2,36.36,0.0,72.72,$17.54,Shipped
O00857,2025-02-24,C0044,P033,3,372.51,0.05,1061.65,$27.93,Cancelled
O00872,2025-02-24,C0106,P007,2,545.77,0.1,982.39,$18.57,Delivered
O01214,2025-02-24,C0042,P001,1,455.53,0.2,364.42,$31.88,Shipped
O01238,2025-02-24,C0172,P006,1,959.76,,959.76,$30.34,Returned
O01425,2025-02-24,C0004,P011,2,98.09,,196.18,$34.46,Delivered
O02085,2025-02-24,C0191,P006,10,959.76,0.0,9597.6,$22.00,Shipped
O02283,2025-02-24,C0133,P007,2,545.77,0.0,1091.54,$28.30,Shipped
O00815,2025-02-25,C0176,P020,4,13.35,0.0,53.4,$29.99,Shipped
O00901,2025-02-25,C0002,P016,1,513.76,0.0,513.76,$7.49,Delivered
O01446,2025-02-25,C0023,P034,4,178.15,0.05,676.97,$4.13,Delivered
O01460,2025-02-25,C0004,P003,4,452.27,0.0,1809.08,$24.56,Delivered
O01561,2025-02-25,C0156,P008,10,999.67,0.1,8997.03,$11.32,Delivered
O01741,2025-02-25,C0161,P020,3,13.35,0.1,36.04,$20.78,Delivered
O02184,2025-02-25,C0011,P036,2,202.5,0.1,364.5,$13.64,Delivered
O02252,2025-02-25,C0197,P003,1,452.27,0.1,407.04,$44.10,Delivered
O00545,2025-02-26,C0141,P021,2,11.04,0.15,18.77,$28.94,Delivered
O00631,2025-02-26,C0110,P026,2,38.82,,77.64,$29.27,Delivered
O01156,2025-02-26,C0195,P028,1,10.85,0.0,10.85,$33.90,Delivered
O01856,2025-02-26,C0123,P005,3,1038.27,0.0,3114.81,$12.83,Delivered
O02169,2025-02-26,C0186,P011,1,98.09,0.2,78.47,$16.05,Delivered
O01199,2025-02-27,C0095,P017,1,670.34,0.0,670.34,$39.33,Cancelled
O01291,2025-02-27,C0082,P013,2,257.23,0.1,463.01,$21.27,Delivered
O01553,2025-02-27,C0119,P021,3,11.04,0.05,31.46,$6.61,Delivered
O01606,2025-02-27,C0041,P021,10,11.04,,110.4,$30.79,Delivered
O02077,2025-02-27,C0178,P009,3,739.26,0.0,2217.78,$26.96,Delivered
O00614,2025-02-28,C0087,P031,5,482.84,0.0,2414.2,$30.47,Delivered
O01017,2025-02-28,C0053,P009,4,739.26,,2957.04,$10.51,Delivered
O01919,2025-02-28,C0176,P028,2,10.85,0.0,21.7,$8.57,Cancelled
O00507,2025-03-01,C0179,P035,2,483.75,0.2,774.0,$25.46,Delivered
O01526,2025-03-01,C0176,P036,4,202.5,0.15,688.5,$4.20,Delivered
O00005,2025-03-02,C0016,P031,1,482.84,,482.84,$7.01,Delivered
O00894,2025-03-02,C0009,P005,1,1038.27,0.0,1038.27,$29.32,Delivered
O00938,2025-03-02,C0016,P021,1,11.04,0.0,11.04,$16.22,Delivered
O00939,2025-03-02,C0037,P027,5,33.5,0.0,167.5,$6.13,Delivered
O01212,2025-03-02,C0036,P034,3,178.15,0.1,481.01,$23.28,Delivered
O01307,2025-03-02,C0130,P007,1,545.77,,545.77,$39.58,Delivered
O01395,2025-03-02,C0016,P018,1,610.13,0.2,488.1,$19.77,Delivered
O01436,2025-03-02,C0060,P018,1,610.13,0.05,579.62,$26.64,Delivered
O00059,2025-03-03,C0017,P008,2,999.67,0.05,1899.37,$33.46,Delivered
O00211,2025-03-03,C0159,P012,1,896.58,0.0,896.58,$31.56,Delivered
O00665,2025-03-03,C0125,P012,1,896.58,0.0,896.58,$43.66,Delivered
O00706,2025-03-04,C0023,P020,1,13.35,0.0,13.35,$26.87,Delivered
O00768,2025-03-04,C0027,P014,1,386.46,0.05,367.14,$38.09,Delivered
O01278,2025-03-04,C0032,P013,2,257.23,0.0,514.46,$25.24,Delivered
O01408,2025-03-04,C0048,P033,4,372.51,0.15,1266.53,$5.72,Delivered
O01878,2025-03-04,C0109,P023,5,39.29,,196.45,$44.78,Delivered
O02064,2025-03-04,C0162,P016,1,513.76,0.1,462.38,$26.18,Delivered
O00002,2025-03-05,C0061,P021,1,11.04,0.1,9.94,$6.15,Delivered
O00916,2025-03-05,C0184,P009,3,739.26,0.05,2106.89,$8.31,Delivered
O01873,2025-03-05,C0164,P007,1,545.77,0.1,491.19,$8.96,Delivered
O01977,2025-03-05,C0022,P001,5,455.53,0.0,2277.65,$44.67,Delivered
O02144,2025-03-05,C0172,P024,3,36.36,0.0,109.08,$30.95,Delivered
O00309,2025-03-06,C0023,P019,2,25.78,0.0,51.56,$5.06,Delivered
O01963,2025-03-06,C0078,P001,2,455.53,0.2,728.85,$36.78,Shipped
O02019,2025-03-06,C0051,P003,2,452.27,0.0,904.54,$44.49,Returned
O00077,2025-03-07,C0064,P008,2,999.67,0.0,1999.34,$14.73,Delivered
O00134,2025-03-07,C0153,P006,2,959.76,0.15,1631.59,$7.20,Delivered
O01260,2025-03-07,C0055,P015,3,857.48,0.2,2057.95,$8.69,Shipped
O02272,2025-03-07,C0020,P010,1,1001.92,,1001.92,$42.14,Delivered
O02306,2025-03-07,C0067,P007,4,545.77,0.0,2183.08,$13.64,Delivered
O02391,2025-03-07,C0074,P004,2,986.74,0.15,1677.46,$30.64,Delivered
O00617,2025-03-08,C0148,P022,1,11.74,0.0,11.74,$15.50,Delivered
O00780,2025-03-08,C0055,P033,4,372.51,,1490.04,$19.02,Delivered
O00926,2025-03-08,C0001,P008,2,999.67,0.0,1999.34,$39.69,Delivered
O01377,2025-03-08,C0108,P017,1,670.34,0.05,636.82,$26.43,Delivered
O01454,2025-03-08,C0109,P026,1,38.82,0.0,38.82,$15.00,Delivered
O02058,2025-03-08,C0092,P031,3,482.84,0.15,1231.24,$24.22,Delivered
O00074,2025-03-09,C0156,P029,1,584.1,0.0,584.1,$13.68,Delivered
O00123,2025-03-09,C0102,P032,4,506.4,0.1,1823.04,$39.95,Delivered
O00188,2025-03-09,C0077,P031,3,482.84,0.15,1231.24,$14.32,Delivered
O01633,2025-03-09,C0070,P015,1,857.48,0.0,857.48,$39.98,Returned
O01663,2025-03-09,C0183,P019,2,25.78,0.0,51.56,$43.62,Cancelled
O00030,2025-03-10,C0187,P010,1,1001.92,0.0,1001.92,$14.49,Delivered
O02055,2025-03-10,C0108,P022,1,11.74,0.1,10.57,$33.56,Delivered
O02370,2025-03-10,C0174,P011,2,98.09,0.0,196.18,$11.86,Shipped
O00132,2025-03-11,C0076,P024,2,36.36,0.05,69.08,$43.25,Delivered
O00531,2025-03-11,C0154,P036,2,202.5,0.1,364.5,$26.21,Delivered
O00676,2025-03-11,C0159,P006,1,959.76,0.05,911.77,$42.97,Delivered
O01286,2025-03-11,C0166,P034,1,178.15,0.0,178.15,$8.70,Shipped
O01664,2025-03-11,C0047,P026,4,38.82,0.05,147.52,$9.81,Delivered
O02201,2025-03-11,C0021,P021,3,11.04,,33.12,$11.29,Returned
O02328,2025-03-11,C0154,P011,10,98.09,0.05,931.86,$33.30,Delivered
O00709,2025-03-12,C0122,P032,1,506.4,0.15,430.44,$15.69,Delivered
O00713,2025-03-12,C0189,P027,1,33.5,,33.5,$27.99,Delivered
O01271,2025-03-12,C0057,P020,3,13.35,0.2,32.04,$35.59,Delivered
O01532,2025-03-12,C0036,P032,1,506.4,0.05,481.08,$16.38,Delivered
O01756,2025-03-12,C0010,P010,5,1001.92,0.05,4759.12,$4.24,Delivered
O02117,2025-03-12,C0033,P034,1,178.15,,178.15,$30.11,Delivered
O00066,2025-03-13,C0011,P021,5,11.04,0.2,44.16,$44.55,Delivered
O00879,2025-03-13,C0035,P001,3,455.53,0.05,1298.26,$39.22,Delivered
O01011,2025-03-13,C0156,P026,1,38.82,0.2,31.06,$11.72,Delivered
O02331,2025-03-13,C0043,P024,1,36.36,0.0,36.36,$14.75,Delivered
O00312,2025-03-14,C0068,P029,2,584.1,0.05,1109.79,$38.32,Delivered
O00481,2025-03-14,C0147,P018,5,610.13,0.05,2898.12,$24.46,Delivered
O00596,2025-03-14,C0039,P011,4,98.09,0.0,392.36,$35.54,Delivered
O00613,2025-03-14,C0197,P001,1,455.53,0.0,455.53,$38.11,Delivered
O01277,2025-03-14,C0162,P003,1,452.27,0.0,452.27,$10.49,Delivered
O01283,2025-03-14,C0080,P011,2,98.09,,196.18,$21.37,Delivered
O01735,2025-03-14,C0138,P004,2,986.74,0.0,1973.48,$24.86,Delivered
O00903,2025-03-15,C0108,P015,5,857.48,,4287.4,$43.03,Delivered
O01040,2025-03-15,C0018,P014,2,386.46,,772.92,$44.31,Delivered
O01483,2025-03-15,C0163,P036,1,202.5,0.05,192.38,$15.26,Shipped
O01891,2025-03-15,C0031,P002,3,603.39,,1810.17,$31.05,Delivered
O01988,2025-03-15,C0082,P016,3,513.76,0.2,1233.02,$20.81,Returned
O02318,2025-03-15,C0177,P036,2,202.5,0.15,344.25,$33.64,Delivered
O00199,2025-03-16,C0171,P023,2,39.29,0.2,62.86,$43.64,Delivered
O00806,2025-03-16,C0087,P032,2,506.4,0.15,860.88,$10.83,Delivered
O01202,2025-03-16,C0047,P025,1,5.24,,5.24,$21.38,Delivered
O01254,2025-03-16,C0180,P032,2,506.4,,1012.8,$20.98,Delivered
O01727,2025-03-16,C0172,P036,1,202.5,,202.5,$11.72,Delivered
O02012,2025-03-16,C0116,P022,1,11.74,,11.74,$24.94,Delivered
O02200,2025-03-16,C0057,P013,2,257.23,0.0,514.46,$17.95,Delivered
O00018,2025-03-17,C0108,P030,1,233.43,0.15,198.42,$16.78,Delivered
O00833,2025-03-17,C0109,P007,2,545.77,0.15,927.81,$21.26,Delivered
O01293,2025-03-17,C0165,P001,4,455.53,0.2,1457.7,$5.52,Delivered
O02037,2025-03-17,C0152,P027,1,33.5,0.0,33.5,$32.98,Delivered
O02137,2025-03-17,C0097,P019,3,25.78,,77.34,$7.68,Delivered
O00137,2025-03-18,C0015,P030,2,233.43,,466.86,$31.58,Delivered
O00217,2025-03-18,C0057,P019,1,25.78,,25.78,$27.19,Delivered
O00346,2025-03-18,C0067,P019,2,25.78,0.0,51.56,$23.29,Shipped
O00466,2025-03-18,C0002,P006,4,959.76,,3839.04,$41.96,Delivered
O00678,2025-03-18,C0065,P019,2,25.78,0.0,51.56,$30.19,Returned
O01365,2025-03-18,C0108,P005,1,1038.27,0.0,1038.27,$22.10,Delivered
O01622,2025-03-18,C0016,P033,1,372.51,0.2,298.01,$44.82,Returned
O00633,2025-03-19,C0179,P030,2,233.43,,466.86,$23.29,Returned
O00752,2025-03-19,C0144,P006,1,959.76,,959.76,$34.40,Delivered
O01177,2025-03-19,C0044,P015,1,857.48,0.0,857.48,$42.62,Delivered
O00037,2025-03-20,C0116,P007,10,545.77,0.0,5457.7,$24.69,Delivered
O00965,2025-03-20,C0021,P002,3,603.39,0.0,1810.17,$41.60,Delivered
O01702,2025-03-20,C0006,P031,4,482.84,0.2,1545.09,$26.81,Cancelled
O01935,2025-03-20,C0154,P034,10,178.15,0.15,1514.28,$5.97,Delivered
O00490,2025-03-21,C0054,P027,3,33.5,0.15,85.42,$18.97,Delivered
O01231,2025-03-21,C0023,P032,5,506.4,0.0,2532.0,$6.79,Delivered
O00412,2025-03-22,C0167,P001,1,455.53,0.15,387.2,$22.27,Returned
O01368,2025-03-22,C0112,P034,4,178.15,0.05,676.97,$7.53,Delivered
O02397,2025-03-22,C0004,P026,1,38.82,0.0,38.82,$32.87,Shipped
O00130,2025-03-23,C0003,P017,3,670.34,0.05,1910.47,$6.55,Delivered
O00172,2025-03-23,C0021,P003,1,452.27,0.2,361.82,$19.46,Delivered
O01125,2025-03-23,C0098,P002,1,603.39,0.0,603.39,$32.04,Delivered
O01556,2025-03-23,C0054,P035,3,483.75,0.2,1161.0,$14.48,Delivered
O01695,2025-03-23,C0090,P022,3,11.74,0.0,35.22,$17.23,Delivered
O00180,2025-03-24,C0163,P018,3,610.13,,1830.39,$24.11,Delivered
O00800,2025-03-24,C0016,P002,2,603.39,0.0,1206.78,$38.31,Delivered
O00991,2025-03-24,C0082,P028,1,10.85,0.05,10.31,$39.03,Delivered
O01432,2025-03-24,C0077,P032,1,506.4,0.2,405.12,$15.70,Delivered
O01854,2025-03-24,C0175,P002,5,603.39,,3016.95,$11.16,Delivered
O01955,2025-03-24,C0168,P028,4,10.85,,43.4,$5.66,Cancelled
O02172,2025-03-24,C0132,P011,5,98.09,0.0,490.45,$4.57,Delivered
O00260,2025-03-25,C0096,P008,2,999.67,0.0,1999.34,$11.35,Shipped
O00930,2025-03-25,C0139,P003,10,452.27,,4522.7,$34.17,Delivered
O01114,2025-03-25,C0169,P008,1,999.67,0.0,999.67,$4.22,Delivered
O02021,2025-03-25,C0022,P009,2,739.26,0.0,1478.52,$28.31,Delivered
O02337,2025-03-25,C0027,P015,5,857.48,0.2,3429.92,$42.83,Delivered
O00195,2025-03-26,C0075,P005,2,1038.27,,2076.54,$9.71,Delivered
O00571,2025-03-26,C0011,P016,2,513.76,0.0,1027.52,$4.75,Delivered
O00905,2025-03-26,C0133,P005,10,1038.27,0.0,10382.7,$21.80,Delivered
O01541,2025-03-26,C0011,P008,1,999.67,0.15,849.72,$14.35,Delivered
O01621,2025-03-26,C0006,P009,1,739.26,,739.26,$36.72,Shipped
O02129,2025-03-26,C0056,P017,4,670.34,0.0,2681.36,$21.89,Delivered
O00575,2025-03-27,C0110,P020,2,13.35,0.05,25.36,$30.75,Delivered
O00943,2025-03-27,C0022,P033,1,372.51,0.0,372.51,$36.06,Delivered
O01419,2025-03-27,C0148,P019,3,25.78,0.15,65.74,$13.47,Delivered
O00031,2025-03-28,C0040,P005,2,1038.27,,2076.54,$31.93,Shipped
O00138,2025-03-28,C0006,P026,1,38.82,0.0,38.82,$34.58,Delivered
O00177,2025-03-28,C0037,P026,2,38.82,0.2,62.11,$31.76,Delivered
O00664,2025-03-28,C0169,P029,1,584.1,0.0,584.1,$14.71,Delivered
O01641,2025-03-28,C0121,P002,2,603.39,0.15,1025.76,$5.86,Shipped
O01813,2025-03-28,C0123,P019,2,25.78,0.05,48.98,$21.07,Delivered
O02076,2025-03-28,C0198,P035,2,483.75,0.0,967.5,$39.86,Delivered
O02244,2025-03-28,C0047,P029,2,584.1,,1168.2,$4.11,Delivered
O02246,2025-03-28,C0185,P008,1,999.67,0.15,849.72,$9.67,Returned
O01058,2025-03-29,C0121,P013,1,257.23,0.05,244.37,$4.17,Shipped
O01314,2025-03-29,C0013,P016,10,513.76,0.05,4880.72,$8.72,Shipped
O01427,2025-03-29,C0136,P025,2,5.24,0.05,9.96,$33.19,Delivered
O01713,2025-03-29,C0131,P027,3,33.5,0.15,85.42,$39.37,Cancelled
O01797,2025-03-29,C0021,P012,4,896.58,0.05,3407.0,$32.70,Delivered
O01844,2025-03-29,C0115,P033,3,372.51,0.05,1061.65,$11.58,Delivered
O02349,2025-03-29,C0081,P028,2,10.85,0.0,21.7,$27.42,Delivered
O01102,2025-03-30,C0025,P009,1,739.26,0.0,739.26,$38.84,Delivered
O01304,2025-03-30,C0063,P014,3,386.46,0.0,1159.38,$43.84,Delivered
O01608,2025-03-30,C0187,P023,4,39.29,0.15,133.59,$22.44,Delivered
O01670,2025-03-30,C0077,P001,1,455.53,0.1,409.98,$12.56,Delivered
O01984,2025-03-30,C0042,P031,4,482.84,0.15,1641.66,$43.02,Delivered
O02253,2025-03-30,C0100,P006,2,959.76,0.0,1919.52,$22.87,Delivered
O00826,2025-03-31,C0029,P021,2,11.04,,22.08,$31.99,Cancelled
O01329,2025-03-31,C0045,P017,1,670.34,0.2,536.27,$42.76,Delivered
O01694,2025-03-31,C0128,P012,3,896.58,0.05,2555.25,$14.85,Delivered
O02232,2025-03-31,C0197,P031,2,482.84,0.0,965.68,$31.27,Delivered
O00313,2025-04-01,C0039,P007,2,545.77,0.05,1036.96,$26.70,Shipped
O01075,2025-04-01,C0173,P007,10,545.77,0.0,5457.7,$7.97,Delivered
O01353,2025-04-01,C0169,P016,2,513.76,,1027.52,$23.70,Delivered
O01497,2025-04-01,C0004,P018,2,610.13,0.0,1220.26,$44.83,Delivered
O01587,2025-04-01,C0125,P011,2,98.09,0.2,156.94,$4.58,Returned
O01859,2025-04-01,C0052,P018,4,610.13,0.05,2318.49,$32.28,Shipped
O02167,2025-04-01,C0132,P021,2,11.04,0.15,18.77,$19.42,Delivered
O00105,2025-04-02,C0036,P021,1,11.04,0.1,9.94,$28.34,Delivered
O00449,2025-04-02,C0147,P011,5,98.09,0.0,490.45,$6.29,Delivered
O00560,2025-04-02,C0111,P021,3,11.04,0.0,33.12,$8.61,Delivered
O00473,2025-04-03,C0186,P036,10,202.5,0.1,1822.5,$13.28,Cancelled
O00866,2025-04-03,C0092,P007,4,545.77,0.05,2073.93,$24.07,Shipped
O01201,2025-04-03,C0123,P005,3,1038.27,0.0,3114.81,$7.71,Cancelled
O00433,2025-04-04,C0174,P022,1,11.74,0.1,10.57,$23.97,Delivered
O00499,2025-04-04,C0104,P005,1,1038.27,0.1,934.44,$33.13,Delivered
O00812,2025-04-04,C0133,P012,2,896.58,0.05,1703.5,$31.09,Shipped
O00904,2025-04-04,C0175,P024,5,36.36,,181.8,$9.97,Delivered
O01894,2025-04-04,C0004,P008,2,999.67,0.1,1799.41,$28.01,Delivered
O02053,2025-04-04,C0172,P036,5,202.5,0.0,1012.5,$29.73,Cancelled
O02317,2025-04-04,C0149,P028,2,10.85,0.05,20.62,$11.26,Delivered
O02377,2025-04-04,C0109,P023,1,39.29,0.15,33.4,$14.73,Delivered
O00747,2025-04-05,C0123,P003,1,452.27,0.2,361.82,$29.32,Delivered
O01732,2025-04-05,C0079,P032,10,506.4,0.1,4557.6,$35.60,Delivered
O02305,2025-04-05,C0139,P011,4,98.09,0.0,392.36,$29.86,Delivered
O01357,2025-04-06,C0036,P030,1,233.43,0.0,233.43,$18.67,Shipped
O01667,2025-04-06,C0043,P024,2,36.36,0.05,69.08,$38.57,Delivered
O00044,2025-04-07,C0055,P022,5,11.74,,58.7,$11.87,Cancelled
O00330,2025-04-07,C0126,P029,1,584.1,,584.1,$28.06,Delivered
O01090,2025-04-07,C0184,P025,3,5.24,0.2,12.58,$37.15,Delivered
O01522,2025-04-07,C0043,P020,5,13.35,0.05,63.41,$43.01,Delivered
O00753,2025-04-08,C0114,P019,5,25.78,0.2,103.12,$9.72,Delivered
O00702,2025-04-09,C0026,P025,3,5.24,0.0,15.72,$40.06,Delivered
O00964,2025-04-09,C0072,P027,2,33.5,0.15,56.95,$4.21,Delivered
O01240,2025-04-09,C0085,P005,1,1038.27,,1038.27,$12.72,Delivered
O00865,2025-04-10,C0073,P010,2,1001.92,0.1,1803.46,$41.05,Delivered
O01028,2025-04-10,C0035,P021,3,11.04,,33.12,$23.88,Delivered
O01392,2025-04-10,C0036,P034,1,178.15,0.05,169.24,$9.03,Delivered
O01921,2025-04-10,C0147,P018,1,610.13,0.0,610.13,$26.70,Delivered
O00341,2025-04-11,C0076,P017,3,670.34,0.05,1910.47,$18.07,Delivered
O00510,2025-04-11,C0003,P032,5,506.4,,2532.0,$16.28,Delivered
O00782,2025-04-11,C0195,P021,1,11.04,0.0,11.04,$25.31,Delivered
O02112,2025-04-11,C0140,P004,2,986.74,0.05,1874.81,$13.88,Delivered
O02218,2025-04-11,C0127,P022,2,11.74,0.1,21.13,$26.20,Delivered
O02340,2025-04-11,C0084,P022,2,11.74,0.15,19.96,$36.95,Delivered
O00388,2025-04-12,C0049,P022,1,11.74,0.2,9.39,$5.91,Delivered
O00562,2025-04-12,C0114,P010,2,1001.92,0.05,1903.65,$12.19,Delivered
O00688,2025-04-12,C0162,P006,1,959.76,0.15,815.8,$7.30,Delivered
O01142,2025-04-12,C0098,P011,1,98.09,0.0,98.09,$17.86,Delivered
O01265,2025-04-12,C0050,P026,2,38.82,0.0,77.64,$42.52,Delivered
O01781,2025-04-12,C0172,P013,3,257.23,0.0,771.69,$18.54,Cancelled
O01978,2025-04-12,C0046,P003,1,452.27,0.15,384.43,$31.83,Returned
O01987,2025-04-12,C0031,P010,1,1001.92,0.0,1001.92,$15.58,Delivered
O02082,2025-04-12,C0038,P029,1,584.1,0.0,584.1,$34.25,Delivered
O02160,2025-04-12,C0034,P009,1,739.26,0.0,739.26,$34.58,Delivered
O02181,2025-04-12,C0084,P011,4,98.09,0.15,333.51,$4.61,Delivered
O02277,2025-04-12,C0005,P024,2,36.36,,72.72,$19.11,Shipped
O00183,2025-04-13,C0028,P006,1,959.76,0.1,863.78,$8.19,Delivered
O00675,2025-04-13,C0026,P034,1,178.15,0.1,160.34,$14.33,Delivered
O01564,2025-04-13,C0058,P026,2,38.82,,77.64,$15.74,Returned
O01916,2025-04-13,C0069,P004,10,986.74,,9867.4,$28.41,Delivered
O01947,2025-04-13,C0139,P026,2,38.82,0.15,65.99,$36.24,Delivered
O02120,2025-04-13,C0032,P034,2,178.15,0.1,320.67,$8.46,Delivered
O02168,2025-04-14,C0115,P005,5,1038.27,0.1,4672.22,$16.59,Delivered
O00036,2025-04-15,C0167,P013,1,257.23,,257.23,$24.56,Returned
O00963,2025-04-15,C0105,P018,2,610.13,0.0,1220.26,$40.24,Delivered
O01475,2025-04-15,C0194,P001,1,455.53,,455.53,$39.66,Delivered
O01259,2025-04-16,C0160,P035,2,483.75,0.0,967.5,$31.38,Shipped
O01852,2025-04-16,C0109,P024,1,36.36,0.2,29.09,$30.80,Delivered
O00882,2025-04-17,C0040,P029,10,584.1,,5841.0,$4.80,Delivered
O01721,2025-04-17,C0001,P034,1,178.15,0.15,151.43,$39.23,Returned
O01580,2025-04-18,C0063,P017,1,670.34,,670.34,$17.56,Delivered
O00450,2025-04-19,C0047,P034,10,178.15,0.0,1781.5,$40.02,Delivered
O00687,2025-04-19,C0200,P031,10,482.84,0.15,4104.14,$31.96,Delivered
O00769,2025-04-19,C0144,P034,3,178.15,0.0,534.45,$21.11,Returned
O00924,2025-04-19,C0096,P020,1,13.35,0.0,13.35,$36.44,Delivered
O01805,2025-04-19,C0059,P011,2,98.09,,196.18,$17.30,Delivered
O00109,2025-04-20,C0159,P025,1,5.24,0.0,5.24,$11.82,Delivered
O00383,2025-04-20,C0168,P030,1,233.43,0.05,221.76,$38.62,Delivered
O01997,2025-04-20,C0052,P014,4,386.46,0.1,1391.26,$25.77,Shipped
O00855,2025-04-21,C0030,P032,3,506.4,,1519.2,$22.77,Delivered
O00896,2025-04-21,C0039,P033,2,372.51,0.0,745.02,$32.96,Returned
O01510,2025-04-21,C0058,P013,1,257.23,0.05,244.37,$11.26,Delivered
O01867,2025-04-21,C0053,P026,1,38.82,0.0,38.82,$25.30,Delivered
O02083,2025-04-21,C0043,P018,1,610.13,0.0,610.13,$35.98,Delivered
O02223,2025-04-21,C0018,P014,1,386.46,0.05,367.14,$29.97,Delivered
O00008,2025-04-22,C0168,P036,3,202.5,0.05,577.12,$21.63,Shipped
O00251,2025-04-22,C0015,P016,2,513.76,0.0,1027.52,$16.68,Delivered
O01546,2025-04-22,C0010,P010,2,1001.92,0.0,2003.84,$19.66,Cancelled
O01619,2025-04-22,C0190,P021,3,11.04,0.05,31.46,$11.55,Delivered
O02226,2025-04-22,C0057,P028,2,10.85,,21.7,$33.49,Delivered
O02364,2025-04-22,C0119,P036,1,202.5,0.0,202.5,$19.11,Delivered
O00083,2025-04-23,C0034,P006,3,959.76,,2879.28,$25.55,Delivered
O01094,2025-04-23,C0033,P034,3,178.15,0.05,507.73,$8.37,Delivered
O01444,2025-04-23,C0161,P003,5,452.27,0.0,2261.35,$14.08,Delivered
O01575,2025-04-23,C0107,P017,3,670.34,0.0,2011.02,$21.98,Shipped
O01019,2025-04-24,C0037,P029,4,584.1,0.15,1985.94,$41.32,Shipped
O02057,2025-04-24,C0145,P023,1,39.29,0.05,37.33,$17.31,Shipped
O00012,2025-04-25,C0085,P008,2,999.67,0.2,1599.47,$39.59,Delivered
O00265,2025-04-26,C0169,P025,1,5.24,0.05,4.98,$21.21,Cancelled
O00385,2025-04-26,C0195,P015,2,857.48,0.1,1543.46,$26.46,Delivered
O01636,2025-04-26,C0149,P034,1,178.15,0.05,169.24,$8.93,Delivered
O01814,2025-04-26,C0079,P011,1,98.09,0.1,88.28,$32.05,Delivered
O02025,2025-04-26,C0106,P005,2,1038.27,0.1,1868.89,$20.68,Delivered
O00279,2025-04-27,C0013,P011,3,98.09,,294.27,$5.21,Delivered
O00488,2025-04-27,C0177,P001,1,455.53,0.05,432.75,$19.56,Delivered
O00731,2025-04-27,C0083,P023,2,39.29,0.0,78.58,$6.60,Delivered
O00923,2025-04-27,C0105,P008,1,999.67,0.0,999.67,$8.83,Delivered
O02215,2025-04-27,C0034,P031,1,482.84,0.15,410.41,$20.49,Shipped
O00228,2025-04-28,C0149,P001,4,455.53,0.0,1822.12,$33.97,Delivered
O00642,2025-04-28,C0016,P006,1,959.76,0.0,959.76,$40.38,Returned
O00102,2025-04-29,C0157,P008,1,999.67,0.0,999.67,$20.15,Delivered
O01456,2025-04-29,C0029,P022,1,11.74,0.0,11.74,$42.96,Delivered
O01671,2025-04-29,C0153,P005,1,1038.27,0.0,1038.27,$35.35,Shipped
O01957,2025-04-29,C0003,P007,1,545.77,0.0,545.77,$24.89,Delivered
O00465,2025-04-30,C0180,P011,3,98.09,0.0,294.27,$10.59,Cancelled
O00615,2025-04-30,C0161,P030,1,233.43,0.2,186.74,$42.04,Delivered
O01180,2025-04-30,C0141,P017,3,670.34,0.2,1608.82,$40.83,Delivered
O00748,2025-05-01,C0092,P006,1,959.76,0.05,911.77,$27.92,Delivered
O01127,2025-05-01,C0058,P018,10,610.13,0.2,4881.04,$43.02,Delivered
O00501,2025-05-02,C0116,P027,1,33.5,0.05,31.82,$31.14,Returned
O01770,2025-05-02,C0051,P010,2,1001.92,,2003.84,$14.07,Delivered
O00428,2025-05-03,C0141,P030,2,233.43,0.0,466.86,$15.92,Delivered
O00885,2025-05-03,C0142,P019,2,25.78,,51.56,$13.51,Delivered
O01714,2025-05-03,C0014,P023,2,39.29,0.0,78.58,$29.17,Delivered
O01764,2025-05-03,C0100,P030,1,233.43,0.15,198.42,$31.28,Delivered
O01827,2025-05-03,C0167,P027,5,33.5,0.0,167.5,$22.31,Delivered
O01326,2025-05-04,C0057,P010,1,1001.92,0.0,1001.92,$14.02,Delivered
O02092,2025-05-04,C0145,P008,1,999.67,0.0,999.67,$36.71,Delivered
O02236,2025-05-04,C0047,P029,10,584.1,,5841.0,$11.20,Delivered
O00520,2025-05-05,C0098,P001,1,455.53,0.05,432.75,$19.78,Cancelled
O01788,2025-05-05,C0109,P027,3,33.5,0.0,100.5,$42.66,Delivered
O02079,2025-05-06,C0033,P016,2,513.76,0.0,1027.52,$13.90,Delivered
O01062,2025-05-07,C0177,P024,3,36.36,0.2,87.26,$41.99,Delivered
O01105,2025-05-07,C0038,P025,4,5.24,0.0,20.96,$7.94,Cancelled
O02145,2025-05-07,C0005,P019,10,25.78,0.0,257.8,$44.25,Returned
O00261,2025-05-08,C0012,P026,1,38.82,0.1,34.94,$17.42,Delivered
O00297,2025-05-08,C0180,P026,2,38.82,0.0,77.64,$28.70,Returned
O01913,2025-05-08,C0184,P018,1,610.13,0.1,549.12,$28.85,Delivered
O00204,2025-05-09,C0185,P029,1,584.1,0.1,525.69,$5.83,Delivered
O00458,2025-05-09,C0195,P007,2,545.77,0.1,982.39,$23.56,Delivered
O00907,2025-05-10,C0170,P034,5,178.15,0.1,801.68,$33.58,Delivered
O00326,2025-05-11,C0105,P032,3,506.4,0.15,1291.32,$37.66,Delivered
O00717,2025-05-11,C0088,P015,3,857.48,0.0,2572.44,$27.70,Delivered
O01215,2025-05-11,C0142,P017,3,670.34,0.2,1608.82,$42.19,Delivered
O01652,2025-05-11,C0147,P013,1,257.23,0.0,257.23,$37.02,Delivered
O00771,2025-05-12,C0036,P029,3,584.1,0.15,1489.46,$11.06,Delivered
O01162,2025-05-12,C0069,P024,1,36.36,0.15,30.91,$33.18,Delivered
O01184,2025-05-12,C0193,P026,1,38.82,0.05,36.88,$33.92,Delivered
O01857,2025-05-12,C0097,P002,2,603.39,0.0,1206.78,$43.89,Delivered
O02065,2025-05-12,C0179,P001,10,455.53,0.2,3644.24,$40.39,Delivered
O00532,2025-05-13,C0199,P033,1,372.51,0.0,372.51,$40.20,Delivered
O00549,2025-05-13,C0177,P018,2,610.13,0.0,1220.26,$7.87,Delivered
O00760,2025-05-13,C0063,P002,1,603.39,0.1,543.05,$24.22,Cancelled
O00773,2025-05-13,C0054,P009,3,739.26,0.0,2217.78,$7.19,Delivered
O01010,2025-05-13,C0009,P009,1,739.26,0.15,628.37,$27.30,Delivered
O01611,2025-05-13,C0076,P024,1,36.36,0.05,34.54,$36.70,Delivered
O00229,2025-05-14,C0171,P023,1,39.29,0.2,31.43,$37.82,Delivered
O00759,2025-05-14,C0163,P031,1,482.84,0.0,482.84,$24.17,Delivered
O01247,2025-05-14,C0138,P011,5,98.09,0.2,392.36,$37.74,Delivered
O01466,2025-05-14,C0057,P027,2,33.5,,67.0,$15.66,Delivered
O01970,2025-05-14,C0066,P007,4,545.77,0.05,2073.93,$38.62,Delivered
O02173,2025-05-14,C0024,P032,4,506.4,0.0,2025.6,$29.76,Delivered
O02176,2025-05-14,C0046,P035,3,483.75,0.15,1233.56,$20.75,Delivered
O00014,2025-05-15,C0143,P024,1,36.36,0.1,32.72,$27.54,Shipped
O00311,2025-05-15,C0126,P017,1,670.34,0.2,536.27,$19.15,Delivered
O02007,2025-05-15,C0140,P013,1,257.23,0.05,244.37,$42.81,Delivered
O02197,2025-05-15,C0008,P008,1,999.67,0.15,849.72,$38.95,Delivered
O00276,2025-05-16,C0034,P013,4,257.23,0.15,874.58,$32.14,Returned
O01054,2025-05-16,C0093,P026,1,38.82,,38.82,$22.10,Delivered
O01130,2025-05-16,C0044,P021,5,11.04,0.2,44.16,$11.41,Shipped
O02046,2025-05-17,C0053,P027,1,33.5,0.1,30.15,$9.77,Delivered
O02269,2025-05-17,C0171,P023,2,39.29,0.0,78.58,$35.83,Delivered
O00387,2025-05-18,C0185,P027,1,33.5,0.2,26.8,$12.84,Shipped
O00477,2025-05-18,C0194,P022,2,11.74,0.0,23.48,$23.76,Delivered
O00670,2025-05-18,C0074,P029,1,584.1,0.15,496.48,$43.43,Delivered
O00730,2025-05-18,C0139,P008,2,999.67,0.05,1899.37,$34.88,Delivered
O01170,2025-05-18,C0141,P017,5,670.34,0.15,2848.94,$40.69,Delivered
O01912,2025-05-18,C0087,P012,5,896.58,,4482.9,$19.37,Delivered
O00343,2025-05-19,C0130,P020,4,13.35,0.0,53.4,$16.05,Delivered
O01179,2025-05-19,C0054,P035,2,483.75,0.15,822.38,$17.31,Returned
O01236,2025-05-19,C0011,P004,3,986.74,0.05,2812.21,$32.69,Delivered
O01992,2025-05-19,C0116,P009,4,739.26,0.2,2365.63,$30.99,Returned
O00051,2025-05-20,C0036,P017,1,670.34,0.0,670.34,$33.17,Delivered
O00165,2025-05-20,C0126,P012,2,896.58,0.0,1793.16,$25.48,Shipped
O00401,2025-05-20,C0158,P036,2,202.5,0.05,384.75,$24.95,Delivered
O00659,2025-05-20,C0117,P033,1,372.51,0.15,316.63,$43.38,Delivered
O01146,2025-05-20,C0185,P012,2,896.58,0.0,1793.16,$8.15,Delivered
O01471,2025-05-20,C0186,P015,2,857.48,0.15,1457.72,$38.21,Delivered
O01870,2025-05-20,C0057,P023,3,39.29,0.0,117.87,$13.26,Delivered
O01940,2025-05-21,C0051,P005,1,1038.27,0.0,1038.27,$15.03,Delivered
O02089,2025-05-21,C0197,P005,1,1038.27,0.0,1038.27,$16.88,Delivered
O01649,2025-05-22,C0017,P008,2,999.67,,1999.34,$9.51,Delivered
O00027,2025-05-23,C0159,P030,1,233.43,0.0,233.43,$13.98,Delivered
O00328,2025-05-23,C0052,P004,1,986.74,,986.74,$6.07,Delivered
O00455,2025-05-23,C0046,P031,4,482.84,0.0,1931.36,$7.82,Delivered
O01892,2025-05-23,C0143,P017,2,670.34,0.0,1340.68,$27.87,Delivered
O01901,2025-05-23,C0158,P033,3,372.51,0.0,1117.53,$13.89,Delivered
O00061,2025-05-24,C0135,P024,2,36.36,0.0,72.72,$20.01,Delivered
O00377,2025-05-24,C0165,P025,5,5.24,0.0,26.2,$4.48,Returned
O00869,2025-05-24,C0166,P010,2,1001.92,0.0,2003.84,$15.92,Delivered
O01144,2025-05-24,C0056,P020,5,13.35,0.0,66.75,$42.35,Shipped
O01372,2025-05-24,C0161,P025,4,5.24,0.0,20.96,$9.21,Delivered
O01704,2025-05-24,C0094,P017,2,670.34,0.15,1139.58,$40.90,Returned
O02270,2025-05-24,C0117,P008,1,999.67,0.05,949.69,$21.38,Delivered
O02355,2025-05-24,C0116,P028,3,10.85,0.1,29.3,$20.45,Delivered
O00340,2025-05-25,C0154,P026,3,38.82,0.0,116.46,$33.57,Delivered
O00427,2025-05-26,C0065,P013,2,257.23,0.0,514.46,$38.91,Returned
O01482,2025-05-26,C0118,P022,1,11.74,,11.74,$28.37,Delivered
O01983,2025-05-26,C0165,P033,3,372.51,0.0,1117.53,$20.13,Delivered
O00291,2025-05-27,C0155,P015,1,857.48,0.05,814.61,$37.06,Delivered
O00293,2025-05-27,C0199,P008,10,999.67,0.15,8497.2,$32.89,Delivered
O01276,2025-05-27,C0116,P011,1,98.09,0.0,98.09,$41.05,Delivered
O02126,2025-05-27,C0200,P002,5,603.39,0.05,2866.1,$39.87,Delivered
O00844,2025-05-28,C0073,P013,2,257.23,0.2,411.57,$36.49,Delivered
O00813,2025-05-29,C0120,P018,2,610.13,0.2,976.21,$42.32,Delivered
O01686,2025-05-29,C0011,P023,2,39.29,,78.58,$38.94,Delivered
O01812,2025-05-29,C0125,P004,1,986.74,0.0,986.74,$6.74,Delivered
O01986,2025-05-29,C0119,P010,3,1001.92,0.0,3005.76,$7.26,Delivered
O02204,2025-05-29,C0130,P007,2,545.77,0.2,873.23,$19.14,Delivered
O00607,2025-05-30,C0187,P034,3,178.15,0.1,481.01,$21.51,Shipped
O01211,2025-05-30,C0021,P016,4,513.76,0.0,2055.04,$35.38,Delivered
O00069,2025-05-31,C0099,P022,2,11.74,0.1,21.13,$36.85,Delivered
O00464,2025-05-31,C0102,P009,4,739.26,0.0,2957.04,$34.66,Delivered
O01085,2025-05-31,C0147,P033,1,372.51,,372.51,$10.89,Delivered
O01325,2025-05-31,C0199,P031,3,482.84,0.0,1448.52,$10.06,Delivered
O01512,2025-05-31,C0162,P011,1,98.09,0.2,78.47,$10.38,Delivered
O01189,2025-06-01,C0004,P003,1,452.27,0.0,452.27,$36.49,Delivered
O01720,2025-06-01,C0006,P004,10,986.74,0.0,9867.4,$31.99,Delivered
O00677,2025-06-02,C0182,P008,1,999.67,0.0,999.67,$40.74,Delivered
O01207,2025-06-02,C0090,P024,4,36.36,0.1,130.9,$22.88,Shipped
O01218,2025-06-02,C0081,P026,4,38.82,0.0,155.28,$6.24,Delivered
O02183,2025-06-02,C0134,P012,1,896.58,0.2,717.26,$43.73,Delivered
O00167,2025-06-05,C0018,P010,1,1001.92,,1001.92,$31.03,Delivered
O00258,2025-06-05,C0099,P010,1,1001.92,0.0,1001.92,$26.67,Returned
O00569,2025-06-05,C0099,P015,3,857.48,0.15,2186.57,$23.87,Delivered
O00929,2025-06-05,C0039,P021,2,11.04,0.2,17.66,$13.55,Delivered
O01681,2025-06-05,C0186,P018,1,610.13,0.1,549.12,$44.31,Delivered
O01911,2025-06-05,C0134,P012,1,896.58,0.05,851.75,$12.44,Delivered
O02102,2025-06-05,C0065,P006,2,959.76,0.0,1919.52,$37.70,Delivered
O00200,2025-06-06,C0111,P007,1,545.77,0.1,491.19,$13.10,Delivered
O00453,2025-06-06,C0043,P022,1,11.74,0.2,9.39,$19.80,Delivered
O00821,2025-06-06,C0017,P027,5,33.5,0.2,134.0,$42.67,Delivered
O00054,2025-06-07,C0102,P033,1,372.51,0.2,298.01,$44.78,Delivered
O00215,2025-06-08,C0003,P032,10,506.4,,5064.0,$20.77,Delivered
O00316,2025-06-08,C0045,P011,10,98.09,0.05,931.86,$9.17,Delivered
O00721,2025-06-08,C0121,P033,2,372.51,0.0,745.02,$22.55,Delivered
O01869,2025-06-08,C0086,P032,3,506.4,0.2,1215.36,$25.45,Shipped
O00110,2025-06-09,C0108,P010,2,1001.92,0.05,1903.65,$20.83,Delivered
O00508,2025-06-09,C0080,P023,2,39.29,0.05,74.65,$36.99,Delivered
O01998,2025-06-09,C0152,P013,2,257.23,0.0,514.46,$22.65,Delivered
O00632,2025-06-10,C0051,P035,1,483.75,,483.75,$27.28,Delivered
O00182,2025-06-11,C0022,P018,1,610.13,0.0,610.13,$34.33,Delivered
O00755,2025-06-11,C0086,P005,1,1038.27,0.0,1038.27,$20.79,Returned
O02242,2025-06-11,C0119,P032,1,506.4,0.2,405.12,$15.88,Returned
O02381,2025-06-11,C0160,P028,3,10.85,0.0,32.55,$16.55,Cancelled
O01309,2025-06-12,C0148,P007,3,545.77,0.05,1555.44,$4.68,Delivered
O01316,2025-06-12,C0188,P018,2,610.13,0.0,1220.26,$36.21,Delivered
O00745,2025-06-13,C0040,P001,2,455.53,0.1,819.95,$23.43,Delivered
O00043,2025-06-14,C0190,P034,2,178.15,0.0,356.3,$18.87,Delivered
O00671,2025-06-14,C0011,P007,10,545.77,0.2,4366.16,$29.03,Delivered
O01846,2025-06-14,C0093,P030,1,233.43,0.05,221.76,$27.24,Shipped
O02024,2025-06-14,C0077,P009,3,739.26,0.2,1774.22,$44.97,Delivered
O00986,2025-06-15,C0073,P012,1,896.58,0.1,806.92,$33.47,Delivered
O01490,2025-06-15,C0078,P033,3,372.51,0.05,1061.65,$26.97,Delivered
O01194,2025-06-16,C0110,P025,1,5.24,0.1,4.72,$13.26,Shipped
O01388,2025-06-16,C0169,P008,3,999.67,0.0,2999.01,$14.26,Delivered
O01421,2025-06-16,C0130,P005,2,1038.27,,2076.54,$36.24,Delivered
O01958,2025-06-16,C0096,P002,2,603.39,0.15,1025.76,$36.74,Delivered
O00029,2025-06-17,C0200,P011,2,98.09,0.05,186.37,$41.14,Delivered
O00233,2025-06-17,C0034,P020,1,13.35,0.15,11.35,$14.27,Delivered
O00623,2025-06-17,C0199,P021,4,11.04,0.0,44.16,$12.41,Delivered
O00849,2025-06-17,C0095,P009,2,739.26,0.1,1330.67,$10.96,Delivered
O01685,2025-06-17,C0026,P007,1,545.77,0.2,436.62,$37.43,Delivered
O01890,2025-06-17,C0171,P023,2,39.29,0.05,74.65,$41.17,Shipped
O01190,2025-06-18,C0028,P035,3,483.75,0.15,1233.56,$38.96,Delivered
O01443,2025-06-18,C0010,P028,2,10.85,0.05,20.62,$38.50,Delivered
O00073,2025-06-19,C0164,P004,1,986.74,0.0,986.74,$43.06,Delivered
O00116,2025-06-19,C0038,P019,1,25.78,0.0,25.78,$18.20,Delivered
O01004,2025-06-19,C0089,P026,5,38.82,0.0,194.1,$23.35,Delivered
O01115,2025-06-19,C0081,P008,3,999.67,0.0,2999.01,$27.06,Shipped
O01668,2025-06-19,C0039,P035,5,483.75,0.2,1935.0,$39.19,Delivered
O02263,2025-06-19,C0187,P014,2,386.46,0.15,656.98,$12.54,Delivered
O00647,2025-06-21,C0141,P004,10,986.74,0.0,9867.4,$39.31,Shipped
O00655,2025-06-21,C0094,P003,3,452.27,0.0,1356.81,$27.79,Cancelled
O00810,2025-06-21,C0167,P020,2,13.35,0.1,24.03,$21.75,Delivered
O01865,2025-06-21,C0036,P022,2,11.74,0.0,23.48,$40.48,Delivered
O00638,2025-06-22,C0159,P016,2,513.76,,1027.52,$19.74,Delivered
O00192,2025-06-23,C0082,P019,3,25.78,,77.34,$43.68,Delivered
O01078,2025-06-23,C0171,P026,1,38.82,0.0,38.82,$43.99,Shipped
O01089,2025-06-23,C0163,P032,4,506.4,0.0,2025.6,$30.40,Delivered
O01830,2025-06-24,C0142,P031,1,482.84,0.15,410.41,$38.10,Delivered
O01950,2025-06-25,C0098,P025,1,5.24,0.0,5.24,$16.90,Delivered
O00107,2025-06-26,C0085,P008,3,999.67,0.0,2999.01,$28.47,Delivered
O00244,2025-06-26,C0062,P032,1,506.4,0.05,481.08,$24.48,Delivered
O00363,2025-06-27,C0200,P017,1,670.34,0.2,536.27,$16.11,Delivered
O00785,2025-06-27,C0110,P013,4,257.23,0.15,874.58,$11.35,Cancelled
O02128,2025-06-27,C0019,P021,5,11.04,0.05,52.44,$8.10,Delivered
O02267,2025-06-27,C0074,P025,2,5.24,0.15,8.91,$44.78,Delivered
O01386,2025-06-28,C0185,P016,4,513.76,0.0,2055.04,$6.32,Delivered
O00011,2025-06-29,C0024,P028,4,10.85,0.0,43.4,$28.05,Delivered
O00015,2025-06-29,C0144,P036,4,202.5,0.1,729.0,$5.19,Delivered
O00017,2025-06-29,C0145,P026,10,38.82,0.0,388.2,$34.59,Delivered
O00025,2025-06-29,C0011,P028,4,10.85,0.2,34.72,$27.51,Delivered
O00032,2025-06-29,C0165,P021,4,11.04,0.15,37.54,$10.19,Delivered
O00042,2025-06-29,C0080,P036,1,202.5,0.15,172.12,$37.34,Delivered
O00046,2025-06-29,C0159,P009,2,739.26,0.0,1478.52,$10.65,Shipped
O00050,2025-06-29,C0129,P034,2,178.15,0.0,356.3,$37.49,Shipped
O00053,2025-06-29,C0038,P028,4,10.85,0.15,36.89,$42.15,Delivered
O00055,2025-06-29,C0008,P021,2,11.04,0.0,22.08,$9.64,Delivered
O00058,2025-06-29,C0078,P008,1,999.67,0.2,799.74,$30.20,Delivered
O00064,2025-06-29,C0087,P012,4,896.58,,3586.32,$44.21,Delivered
O00065,2025-06-29,C0047,P009,2,739.26,0.1,1330.67,$12.27,Delivered
O00086,2025-06-29,C0129,P004,4,986.74,0.0,3946.96,$16.47,Delivered
O00088,2025-06-29,C0142,P018,1,610.13,0.1,549.12,$29.19,Delivered
O00103,2025-06-29,C0087,P036,1,202.5,0.2,162.0,$24.50,Delivered
O00118,2025-06-29,C0151,P016,1,513.76,0.05,488.07,$30.16,Delivered
O00124,2025-06-29,C0146,P007,5,545.77,0.15,2319.52,$15.67,Cancelled
O00142,2025-06-29,C0170,P035,1,483.75,0.15,411.19,$8.86,Cancelled
O00143,2025-06-29,C0101,P034,4,178.15,0.0,712.6,$44.12,Delivered
O00144,2025-06-29,C0185,P035,2,483.75,0.2,774.0,$37.76,Delivered
O00146,2025-06-29,C0158,P002,1,603.39,0.0,603.39,$8.14,Delivered
O00150,2025-06-29,C0143,P012,2,896.58,0.2,1434.53,$26.79,Delivered
O00156,2025-06-29,C0186,P036,1,202.5,0.05,192.38,$39.65,Delivered
O00157,2025-06-29,C0004,P014,1,386.46,,386.46,$41.49,Delivered
O00176,2025-06-29,C0009,P012,5,896.58,0.15,3810.46,$4.64,Delivered
O00194,2025-06-29,C0175,P036,1,202.5,,202.5,$42.66,Delivered
O00216,2025-06-29,C0182,P029,2,584.1,0.0,1168.2,$27.18,Delivered
O00231,2025-06-29,C0088,P004,4,986.74,0.0,3946.96,$9.09,Shipped
O00234,2025-06-29,C0167,P011,1,98.09,0.1,88.28,$33.77,Delivered
O00245,2025-06-29,C0136,P001,1,455.53,0.2,364.42,$18.98,Delivered
O00256,2025-06-29,C0128,P011,1,98.09,0.1,88.28,$35.71,Shipped
O00263,2025-06-29,C0095,P032,3,506.4,0.05,1443.24,$10.17,Returned
O00272,2025-06-29,C0041,P020,4,13.35,0.0,53.4,$12.82,Shipped
O00275,2025-06-29,C0025,P030,1,233.43,0.0,233.43,$38.05,Cancelled
O00285,2025-06-29,C0082,P015,1,857.48,,857.48,$25.71,Delivered
O00300,2025-06-29,C0187,P022,2,11.74,0.1,21.13,$12.60,Delivered
O00318,2025-06-29,C0018,P006,1,959.76,0.2,767.81,$26.63,Shipped
O00322,2025-06-29,C0037,P026,1,38.82,0.15,33.0,$32.31,Delivered
O00333,2025-06-29,C0105,P033,3,372.51,0.0,1117.53,$23.44,Delivered
O00335,2025-06-29,C0071,P028,2,10.85,0.05,20.62,$23.13,Delivered
O00350,2025-06-29,C0081,P004,1,986.74,0.1,888.07,$12.58,Delivered
O00354,2025-06-29,C0080,P009,1,739.26,0.1,665.33,$10.85,Shipped
O00358,2025-06-29,C0094,P003,1,452.27,0.1,407.04,$35.62,Delivered
O00365,2025-06-29,C0172,P006,3,959.76,0.0,2879.28,$42.93,Delivered
O00367,2025-06-29,C0068,P030,4,233.43,0.1,840.35,$18.77,Delivered
O00370,2025-06-29,C0088,P012,1,896.58,0.2,717.26,$43.45,Delivered
O00378,2025-06-29,C0130,P031,4,482.84,0.0,1931.36,$7.07,Delivered
O00381,2025-06-29,C0081,P008,1,999.67,0.2,799.74,$20.91,Delivered
O00394,2025-06-29,C0155,P033,1,372.51,0.15,316.63,$33.19,Returned
O00396,2025-06-29,C0182,P012,2,896.58,0.15,1524.19,$33.12,Delivered
O00413,2025-06-29,C0158,P016,1,513.76,0.0,513.76,$19.82,Delivered
O00416,2025-06-29,C0198,P035,2,483.75,0.0,967.5,$12.64,Delivered
O00452,2025-06-29,C0154,P010,3,1001.92,0.0,3005.76,$29.55,Delivered
O00482,2025-06-29,C0189,P016,4,513.76,0.05,1952.29,$13.40,Shipped
O00502,2025-06-29,C0180,P006,1,959.76,0.2,767.81,$8.22,Delivered
O00503,2025-06-29,C0122,P036,2,202.5,0.0,405.0,$8.26,Delivered
O00522,2025-06-29,C0080,P021,1,11.04,0.0,11.04,$34.53,Delivered
O00527,2025-06-29,C0195,P004,3,986.74,0.0,2960.22,$9.16,Delivered
O00567,2025-06-29,C0052,P018,1,610.13,0.2,488.1,$31.08,Delivered
O00573,2025-06-29,C0100,P002,1,603.39,0.15,512.88,$40.78,Delivered
O00577,2025-06-29,C0035,P028,1,10.85,0.0,10.85,$17.02,Delivered
O00580,2025-06-29,C0034,P012,1,896.58,0.1,806.92,$28.83,Delivered
O00583,2025-06-29,C0050,P015,1,857.48,0.1,771.73,$42.96,Delivered
O00624,2025-06-29,C0100,P034,1,178.15,0.1,160.34,$42.23,Delivered
O00626,2025-06-29,C0164,P014,1,386.46,0.05,367.14,$15.75,Delivered
O00645,2025-06-29,C0174,P020,3,13.35,0.15,34.04,$44.60,Delivered
O00658,2025-06-29,C0149,P020,2,13.35,0.15,22.7,$25.94,Delivered
O00668,2025-06-29,C0043,P030,1,233.43,0.1,210.09,$23.53,Returned
O00694,2025-06-29,C0118,P035,1,483.75,0.05,459.56,$41.92,Delivered
O00700,2025-06-29,C0055,P003,2,452.27,0.15,768.86,$6.59,Delivered
O00703,2025-06-29,C0002,P012,2,896.58,0.1,1613.84,$21.07,Shipped
O00710,2025-06-29,C0086,P030,1,233.43,0.0,233.43,$41.92,Delivered
O00720,2025-06-29,C0057,P010,5,1001.92,0.0,5009.6,$21.13,Delivered
O00736,2025-06-29,C0076,P027,10,33.5,0.0,335.0,$23.43,Delivered
O00754,2025-06-29,C0023,P010,1,1001.92,,1001.92,$44.52,Delivered
O00764,2025-06-29,C0163,P023,1,39.29,0.1,35.36,$25.71,Returned
O00777,2025-06-29,C0024,P010,5,1001.92,0.15,4258.16,$18.44,Shipped
O00795,2025-06-29,C0139,P035,10,483.75,0.0,4837.5,$19.73,Delivered
O00824,2025-06-29,C0150,P025,4,5.24,0.05,19.91,$42.36,Delivered
O00839,2025-06-29,C0058,P002,2,603.39,0.05,1146.44,$41.18,Cancelled
O00841,2025-06-29,C0154,P017,1,670.34,0.0,670.34,$4.58,Delivered
O00842,2025-06-29,C0198,P030,4,233.43,,933.72,$8.86,Delivered
O00852,2025-06-29,C0073,P017,2,670.34,0.1,1206.61,$25.20,Delivered
O00859,2025-06-29,C0025,P022,3,11.74,0.2,28.18,$19.32,Returned
O00873,2025-06-29,C0197,P033,2,372.51,0.0,745.02,$38.56,Delivered
O00875,2025-06-29,C0068,P022,1,11.74,0.0,11.74,$7.21,Cancelled
O00880,2025-06-29,C0167,P010,2,1001.92,0.2,1603.07,$38.53,Shipped
O00881,2025-06-29,C0138,P013,1,257.23,0.2,205.78,$4.89,Delivered
O00884,2025-06-29,C0183,P028,10,10.85,,108.5,$34.22,Delivered
O00889,2025-06-29,C0176,P022,3,11.74,,35.22,$9.38,Delivered
O00892,2025-06-29,C0126,P007,3,545.77,,1637.31,$16.45,Delivered
O00897,2025-06-29,C0113,P030,10,233.43,0.0,2334.3,$37.77,Delivered
O00925,2025-06-29,C0151,P027,5,33.5,0.05,159.12,$11.51,Delivered
O00944,2025-06-29,C0109,P036,2,202.5,0.0,405.0,$37.32,Cancelled
O00953,2025-06-29,C0020,P035,3,483.75,0.0,1451.25,$18.47,Shipped
O00955,2025-06-29,C0050,P029,3,584.1,0.15,1489.46,$11.85,Shipped
O00958,2025-06-29,C0164,P026,1,38.82,0.1,34.94,$27.33,Delivered
O00974,2025-06-29,C0028,P007,1,545.77,0.0,545.77,$28.31,Shipped
O00989,2025-06-29,C0096,P011,10,98.09,0.2,784.72,$40.01,Delivered
O01013,2025-06-29,C0142,P012,2,896.58,0.0,1793.16,$12.16,Returned
O01024,2025-06-29,C0186,P014,5,386.46,0.2,1545.84,$44.69,Delivered
O01043,2025-06-29,C0018,P022,2,11.74,0.05,22.31,$24.64,Delivered
O01063,2025-06-29,C0063,P031,2,482.84,0.0,965.68,$32.60,Delivered
O01065,2025-06-29,C0170,P011,2,98.09,0.2,156.94,$20.30,Delivered
O01084,2025-06-29,C0026,P025,1,5.24,0.05,4.98,$33.19,Shipped
O01087,2025-06-29,C0169,P006,1,959.76,0.15,815.8,$41.01,Delivered
O01088,2025-06-29,C0057,P017,3,670.34,0.0,2011.02,$31.28,Returned
O01095,2025-06-29,C0118,P021,4,11.04,,44.16,$31.88,Delivered
O01096,2025-06-29,C0073,P010,3,1001.92,0.0,3005.76,$28.55,Delivered
O01098,2025-06-29,C0097,P004,10,986.74,0.15,8387.29,$10.26,Delivered
O01110,2025-06-29,C0165,P033,1,372.51,,372.51,$15.22,Delivered
O01112,2025-06-29,C0017,P035,1,483.75,0.0,483.75,$20.15,Shipped
O01113,2025-06-29,C0136,P032,2,506.4,0.0,1012.8,$34.89,Delivered
O01123,2025-06-29,C0188,P018,1,610.13,0.15,518.61,$27.11,Delivered
O01137,2025-06-29,C0074,P036,1,202.5,0.2,162.0,$31.76,Returned
O01157,2025-06-29,C0072,P008,1,999.67,0.2,799.74,$12.13,Delivered
O01193,2025-06-29,C0140,P019,2,25.78,0.0,51.56,$41.40,Delivered
O01203,2025-06-29,C0106,P022,5,11.74,0.2,46.96,$21.17,Delivered
O01204,2025-06-29,C0137,P032,2,506.4,0.05,962.16,$19.77,Delivered
O01230,2025-06-29,C0025,P001,1,455.53,0.1,409.98,$26.43,Cancelled
O01239,2025-06-29,C0120,P007,5,545.77,0.2,2183.08,$35.50,Delivered
O01249,2025-06-29,C0188,P021,5,11.04,,55.2,$39.44,Delivered
O01261,2025-06-29,C0032,P023,2,39.29,0.2,62.86,$4.31,Delivered
O01263,2025-06-29,C0107,P016,1,513.76,0.0,513.76,$10.29,Delivered
O01269,2025-06-29,C0152,P010,5,1001.92,0.0,5009.6,$27.44,Delivered
O01272,2025-06-29,C0071,P006,5,959.76,0.0,4798.8,$30.17,Delivered
O01275,2025-06-29,C0006,P027,1,33.5,0.2,26.8,$19.39,Delivered
O01292,2025-06-29,C0044,P021,2,11.04,0.05,20.98,$27.63,Delivered
O01296,2025-06-29,C0077,P030,2,233.43,0.0,466.86,$38.57,Returned
O01298,2025-06-29,C0058,P011,1,98.09,0.15,83.38,$37.46,Delivered
O01300,2025-06-29,C0157,P025,1,5.24,0.0,5.24,$41.92,Delivered
O01310,2025-06-29,C0069,P002,2,603.39,,1206.78,$18.43,Delivered
O01319,2025-06-29,C0117,P010,2,1001.92,0.0,2003.84,$11.28,Delivered
O01332,2025-06-29,C0075,P036,3,202.5,0.1,546.75,$23.96,Delivered
O01354,2025-06-29,C0026,P032,1,506.4,0.1,455.76,$20.04,Delivered
O01364,2025-06-29,C0198,P016,1,513.76,0.0,513.76,$33.85,Delivered
O01370,2025-06-29,C0019,P022,1,11.74,,11.74,$11.80,Delivered
O01378,2025-06-29,C0194,P004,1,986.74,0.0,986.74,$37.03,Delivered
O01383,2025-06-29,C0142,P031,3,482.84,0.2,1158.82,$32.75,Delivered
O01389,2025-06-29,C0127,P023,2,39.29,0.1,70.72,$42.60,Delivered
O01393,2025-06-29,C0037,P003,2,452.27,,904.54,$43.07,Delivered
O01417,2025-06-29,C0058,P033,3,372.51,0.0,1117.53,$38.75,Delivered
O01439,2025-06-29,C0117,P019,5,25.78,0.0,128.9,$22.22,Delivered
O01453,2025-06-29,C0056,P027,1,33.5,0.15,28.48,$20.86,Shipped
O01463,2025-06-29,C0130,P027,2,33.5,0.0,67.0,$7.92,Delivered
O01468,2025-06-29,C0116,P015,2,857.48,0.0,1714.96,$20.29,Delivered
O01476,2025-06-29,C0109,P032,1,506.4,,506.4,$9.73,Shipped
O01481,2025-06-29,C0039,P031,1,482.84,0.05,458.7,$12.17,Delivered
O01487,2025-06-29,C0152,P018,2,610.13,,1220.26,$12.58,Delivered
O01489,2025-06-29,C0001,P021,1,11.04,,11.04,$21.44,Delivered
O01492,2025-06-29,C0043,P018,3,610.13,0.2,1464.31,$26.98,Delivered
O01496,2025-06-29,C0002,P020,1,13.35,0.15,11.35,$41.55,Delivered
O01501,2025-06-29,C0108,P008,1,999.67,0.0,999.67,$39.17,Delivered
O01514,2025-06-29,C0142,P018,1,610.13,0.05,579.62,$14.59,Delivered
O01547,2025-06-29,C0021,P022,2,11.74,0.0,23.48,$11.54,Delivered
O01549,2025-06-29,C0147,P017,2,670.34,0.05,1273.65,$32.46,Delivered
O01569,2025-06-29,C0024,P024,3,36.36,0.2,87.26,$26.63,Shipped
O01573,2025-06-29,C0155,P022,1,11.74,0.0,11.74,$4.28,Delivered
O01586,2025-06-29,C0089,P010,2,1001.92,0.15,1703.26,$25.46,Delivered
O01594,2025-06-29,C0049,P005,5,1038.27,0.0,5191.35,$25.42,Delivered
O01609,2025-06-29,C0101,P027,1,33.5,0.2,26.8,$18.50,Shipped
O01613,2025-06-29,C0185,P031,3,482.84,0.2,1158.82,$32.20,Returned
O01666,2025-06-29,C0013,P035,1,483.75,0.05,459.56,$32.44,Cancelled
O01674,2025-06-29,C0173,P010,1,1001.92,0.0,1001.92,$31.56,Delivered
O01677,2025-06-29,C0194,P022,1,11.74,0.1,10.57,$8.63,Delivered
O01679,2025-06-29,C0027,P006,2,959.76,0.15,1631.59,$13.89,Shipped
O01683,2025-06-29,C0069,P007,2,545.77,0.2,873.23,$28.87,Shipped
O01687,2025-06-29,C0134,P003,2,452.27,0.2,723.63,$31.43,Delivered
O01692,2025-06-29,C0200,P012,4,896.58,0.0,3586.32,$17.68,Delivered
O01706,2025-06-29,C0025,P033,3,372.51,0.15,949.9,$8.30,Shipped
O01739,2025-06-29,C0085,P012,1,896.58,0.2,717.26,$5.84,Delivered
O01742,2025-06-29,C0106,P025,1,5.24,0.05,4.98,$37.49,Delivered
O01745,2025-06-29,C0043,P017,3,670.34,0.1,1809.92,$25.99,Delivered
O01754,2025-06-29,C0136,P019,2,25.78,0.0,51.56,$26.43,Delivered
O01761,2025-06-29,C0045,P025,1,5.24,0.0,5.24,$21.70,Delivered
O01766,2025-06-29,C0196,P027,1,33.5,0.1,30.15,$12.75,Delivered
O01772,2025-06-29,C0022,P002,1,603.39,0.0,603.39,$17.59,Delivered
O01779,2025-06-29,C0126,P023,5,39.29,0.0,196.45,$11.27,Delivered
O01817,2025-06-29,C0177,P015,2,857.48,,1714.96,$36.26,Delivered
O01837,2025-06-29,C0059,P016,1,513.76,0.05,488.07,$23.63,Delivered
O01839,2025-06-29,C0194,P026,2,38.82,0.2,62.11,$26.55,Delivered
O01864,2025-06-29,C0127,P035,2,483.75,0.2,774.0,$7.54,Delivered
O01875,2025-06-29,C0092,P026,1,38.82,0.15,33.0,$12.55,Delivered
O01895,2025-06-29,C0036,P021,4,11.04,0.05,41.95,$31.23,Delivered
O01920,2025-06-29,C0185,P018,1,610.13,0.05,579.62,$13.45,Delivered
O01925,2025-06-29,C0072,P007,2,545.77,0.2,873.23,$22.29,Delivered
O01927,2025-06-29,C0158,P025,1,5.24,,5.24,$21.90,Shipped
O01971,2025-06-29,C0064,P030,3,233.43,0.15,595.25,$20.92,Delivered
O01993,2025-06-29,C0193,P012,10,896.58,0.2,7172.64,$7.82,Shipped
O02001,2025-06-29,C0156,P015,1,857.48,0.1,771.73,$16.31,Delivered
O02004,2025-06-29,C0071,P035,4,483.75,0.2,1548.0,$4.67,Shipped
O02011,2025-06-29,C0001,P016,3,513.76,0.1,1387.15,$43.57,Delivered
O02074,2025-06-29,C0153,P035,3,483.75,0.05,1378.69,$43.10,Delivered
O02090,2025-06-29,C0130,P028,2,10.85,0.0,21.7,$28.57,Delivered
O02103,2025-06-29,C0162,P025,1,5.24,0.1,4.72,$39.52,Delivered
O02104,2025-06-29,C0104,P015,3,857.48,0.15,2186.57,$17.94,Delivered
O02105,2025-06-29,C0076,P013,1,257.23,0.0,257.23,$23.26,Delivered
O02110,2025-06-29,C0151,P021,5,11.04,0.0,55.2,$20.18,Delivered
O02111,2025-06-29,C0037,P007,2,545.77,,1091.54,$33.57,Delivered
O02157,2025-06-29,C0134,P013,2,257.23,0.0,514.46,$6.06,Delivered
O02159,2025-06-29,C0101,P011,5,98.09,0.2,392.36,$35.28,Delivered
O02161,2025-06-29,C0161,P031,10,482.84,0.0,4828.4,$35.53,Delivered
O02164,2025-06-29,C0052,P023,5,39.29,0.2,157.16,$8.46,Delivered
O02165,2025-06-29,C0021,P030,5,233.43,0.0,1167.15,$31.80,Delivered
O02189,2025-06-29,C0130,P030,1,233.43,,233.43,$7.76,Returned
O02191,2025-06-29,C0169,P012,1,896.58,0.0,896.58,$43.50,Delivered
O02198,2025-06-29,C0047,P034,1,178.15,0.2,142.52,$12.04,Delivered
O02202,2025-06-29,C0100,P011,10,98.09,0.0,980.9,$20.55,Delivered
O02207,2025-06-29,C0160,P008,4,999.67,0.0,3998.68,$41.98,Delivered
O02214,2025-06-29,C0136,P008,3,999.67,,2999.01,$27.02,Delivered
O02219,2025-06-29,C0151,P028,1,10.85,0.1,9.76,$11.29,Delivered
O02221,2025-06-29,C0002,P003,1,452.27,0.05,429.66,$28.04,Shipped
O02259,2025-06-29,C0041,P008,10,999.67,0.2,7997.36,$23.13,Delivered
O02268,2025-06-29,C0098,P005,4,1038.27,0.0,4153.08,$37.02,Delivered
O02280,2025-06-29,C0012,P036,1,202.5,0.0,202.5,$36.69,Delivered
O02281,2025-06-29,C0010,P014,3,386.46,0.05,1101.41,$8.12,Delivered
O02302,2025-06-29,C0132,P019,2,25.78,0.0,51.56,$44.82,Delivered
O02309,2025-06-29,C0019,P035,1,483.75,0.0,483.75,$10.59,Delivered
O02344,2025-06-29,C0106,P009,1,739.26,0.1,665.33,$17.43,Delivered
O02351,2025-06-29,C0008,P028,1,10.85,0.2,8.68,$39.91,Delivered
O02352,2025-06-29,C0163,P012,3,896.58,0.15,2286.28,$32.72,Delivered
O02358,2025-06-29,C0100,P004,1,986.74,0.0,986.74,$8.44,Delivered
O02375,2025-06-29,C0079,P001,3,455.53,0.0,1366.59,$25.10,Delivered
O02396,2025-06-29,C0006,P003,2,452.27,0.2,723.63,$21.31,Delivered
